Label;Object ID;Total Intensity CSU 561;Mean Intensity CSU 561;Total Intensity CSU 488;Mean Intensity CSU 488;Total Intensity CSU 405;Mean Intensity CSU 405;Area;Parent Object ID (MO);Parent Trace ID;cell cycle
nucleus;39;1218438;84.320.972;2302999;15.937.709;3729942;25.812.747;1445;47;-1;G2
nucleus;40;618824;8.654.881;1074270;15.024.755;1708607;23.896.602;715;47;-1;G2
nucleus;49;26242518;15.620.547;830844;49.454.999;3553084;21.149.309;1680;59;-1;G1
nucleus;50;1375343;51.472.418;3123572;11.690.015;7169822;26.833.167;2672;59;-1;G2
nucleus;57;2498555;16.266.635;229999;14.973.894;3653036;23.782.786;1536;69;-1;G1
nucleus;58;1451834;73.772.052;5498456;27.939.309;6265431;31.836.541;1968;69;-1;G2
nucleus;69;2722163;15.608.733;257558;14.768.234;3615893.2;20.733.333;1744;87;-1;G1
nucleus;70;2249597;15.450.529;213212;14.643.681;3476946.2;23.880.125;1456;87;-1;G1
nucleus;176;1378247;82.827.344;185647;1.115.667;2636021;15.841.472;1664;230;-1;G1
nucleus;177;1684319;64.582.782;2634261;10.100.694;2958221;11.342.872;2608;230;-1;G2
nucleus;213;2346254;87.286.237;6184617;23.008.247;6853548;25.496.831;2688;281;-1;G2
nucleus;214;1660993;93.524.384;213382;12.014.752;3890639;2.190.675;1776;281;-1;G1
nucleus;263;1592089;1.047.427;190153;12.510.065;3060890;20.137.434;1520;344;-1;G1
nucleus;264;1911321;72.839.978;302894;11.543.217;3428087;13.064.355;2624;344;-1;G1
nucleus;265;1654811;99.447.778;208581;12.534.916;3372818;20.269.338;1664;345;-1;G1
nucleus;266;1611663;93.267.535;218936;12.669.907;3321933;19.224.149;1728;345;-1;G1
nucleus;300;6628288;19.727.047;4829084;14.372.274;7778017;2.314.886;3360;399;-1;S
nucleus;301;4798875;29.404.871;2655428;16.271.005;4077931;24.987.322;1632;399;-1;S
nucleus;303;1081780;12.405.734;114349;13.113.417;2852862;32.716.306;872;401;-1;G1
nucleus;304;933507;11.328.969;106275.99;12.897.572;2514203;30.512.173;824;401;-1;G1
nucleus;331;1407255;14.345.107;136766;13.941.489;3141171;32.020.093;981;438;-1;G1
nucleus;332;1399246;17.600.579;115445;14.521.384;2673363;33.627.207;795;438;-1;G1
nucleus;359;3262899;10.905.411;1273287;42.556.384;4786487;15.997.617;2992;476;-1;S
nucleus;360;2718451.8;11.479.949;1030675.1;43.525.128;4155126;17.546.985;2368;476;-1;S
nucleus;361;1790850;1.776.637;144192;14.304.762;2833365;28.108.779;1008;476;-1;G1
nucleus;370;4022933;15.616.976;2672798;10.375.769;5585649;2.168.342;2576;496;-1;S
nucleus;371;3800427;16.494.908;2011748;87.315.454;4955885;21.509.917;2304;496;-1;S
nucleus;373;3676992;21.095.767;2468375;14.161.647;5606726;32.167.102;1743;500;-1;S
nucleus;374;1780196;2022.95;1202475;13.664.489;3201727;36.383.262;880;500;-1;S
nucleus;375;1100993;20.812.722;702834;13.286.086;1685601;31.863.914;529;500;-1;G2
nucleus;393;4203884;12.631.863;2734015;82.151.892;4690419;14.093.807;3328;531;-1;S
nucleus;394;2038619.9;60.673.212;787694;23.443.274;4268336;12.703.381;3360;531;-1;S
nucleus;426;2323848;15.129.219;722105;47.012.045;2481705;16.156.934;1536;577;-1;S
nucleus;427;1794969;17.259.318;561828;54.021.924;1932576;18.582.461;1040;577;-1;S
nucleus;442;2004637;20.881.636;3013103;31.386.489;3075686;32.038.396;960;597;-1;S
nucleus;443;1602318;26.353.914;2226387;36.618.208;2247157;36.959.819;608;597;-1;G2
nucleus;476;1358232;1.248.375;164591;15.127.849;2949783;27.111.975;1088;639;-1;G1
nucleus;477;1137750;45.877.017;3622712;1.460.771;5462728;22.027.129;2480;639;-1;G2
nucleus;515;442075.03;52.131.488;2290929;27.015.671;1490418;17.575.684;848;686;-1;G2
nucleus;516;1203112;63.724.152;7150424;37.873.008;4967830;26.312.659;1888;686;-1;G2
nucleus;518;1706825;59.264.758;5771522;20.040.007;6356740;22.072.014;2880;689;-1;G2
nucleus;519;1609920;88.263.159;219999;12.061.349;3948736;21.648.772;1824;689;-1;G1
nucleus;538;2429525;60.017.908;6589382;16.278.118;7667162;18.940.618;4048;716;-1;G2
nucleus;539;2581877;84.930.164;6496504;21.370.078;7318921.5;2407.54.00;3040;716;-1;S
nucleus;543;4450962;15.805.973;942667;33.475.391;3117481;11.070.601;2816;720;-1;G1
nucleus;544;1639659;79.440.845;258405;12.519.622;3081194;14.928.265;2064;720;-1;G1
nucleus;547;1422590;11.140.094;371878;29.121.222;2061718;16.145.012;1277;723;-1;G1
nucleus;548;737292;10.428.458;196827;27.839.746;951815;13.462.729;707;723;-1;G1
nucleus;549;2071839;72.340.747;6255994;21.843.555;5903649.5;20.613.301;2864;724;-1;G2
nucleus;550;1022612;49.932.227;253449;12.375.439;3315052;16.186.777;2048;724;-1;G1
nucleus;552;3195322;13.868.585;289506;12.565.365;2518876;10.932.622;2304;726;-1;G1
nucleus;553;5230765;16.939.006;390842;12.656.801;5179430;16.772.766;3088;726;-1;G1
nucleus;554;2735273;17.830.984;194822;12.700.261;3870498;25.231.409;1534;727;-1;G1
nucleus;555;3345856;18.007.837;228689;12.308.342;4324531;23.275.193;1858;727;-1;G1
nucleus;556;1774788;11.318.801;175132;11.169.133;4329859;27.613.896;1568;728;-1;G1
nucleus;557;1632013;12.592.693;147274;11.363.734;4330151;3.341.166;1296;728;-1;G1
nucleus;558;3707815.2;22.817.324;255983;157.528;3966183.8;24.407.285;1625;729;-1;G1
nucleus;559;3985353.2;20.854.805;291965;15.278.127;4010304;20.985.369;1911;729;-1;G1
nucleus;561;3103775;1.887.941;320251;19.479.988;3409163;20.737.002;1644;733;-1;G1
nucleus;562;2369229;21.696.235;219401;20.091.667;2879442;26.368.516;1092;733;-1;G1
nucleus;563;2339145;23.023.081;156801;1.543.317;3207161;31.566.545;1016;734;-1;G1
nucleus;564;2679589;26.167.861;140213;13.692.676;4245800;41.462.891;1024;734;-1;G1
nucleus;565;5472691;3.672.947;759992;51.006.174;3320620;2.228.604;1490;734;-1;G1
nucleus;566;6361649;39.611.763;889505;55.386.365;3739963;23.287.441;1606;734;-1;G1
nucleus;569;2049384;10.016.539;2016423;98.554.401;7085205;34.629.546;2046;738;-1;S
nucleus;570;1694572;97.952.136;1738968;10.051.838;6189382;35.776.775;1730;738;-1;S
nucleus;573;3081636;21.778.347;535515;37.845.584;4090313.2;28.906.807;1415;741;-1;G1
nucleus;574;3395709;19.370.845;586807;33.474.445;4071454.2;23.225.637;1753;741;-1;G1
nucleus;575;1385937;88.445.245;2067402.1;13.193.376;7858041.5;50.147.041;1567;742;-1;G2
nucleus;576;1245060;82.728.241;1889190;12.552.758;7697087.5;51.143.437;1505;742;-1;G2
nucleus;577;869709.06;1.063.214;4069896;49.754.229;2820300;34.477.996;818;743;-1;G2
nucleus;578;8160385.5;4.283.667;363963;19.105.669;4165200.2;21.864.568;1905;743;-1;G1
nucleus;579;1655918;13.985.793;154328;13.034.459;3409341;2.879.511;1184;744;-1;G1
nucleus;580;2232013;13.950.082;204509;12.781.812;3469166;21.682.288;1600;744;-1;G1
nucleus;581;3615718;27.643.103;1469405;11.233.983;3566386;27.265.947;1308;745;-1;S
nucleus;582;9130103;26.145.771;1897403.9;54.335.736;10438325;29.892.109;3492;745;-1;S
nucleus;583;3566127;28.124.031;178326.98;14.063.643;3720609;29.342.341;1268;746;-1;G1
nucleus;584;5181294;23.360.208;287723;12.972.182;4825259;2175.05.00;2218;746;-1;G1
nucleus;585;4736434;34.075.066;203912;14.669.928;4201186;3.022.436;1390;746;-1;G1
nucleus;586;5542136;37.959.836;224094;15.348.904;3856414;26.413.794;1460;746;-1;G1
nucleus;587;7587755;39.355.576;1081456;56.092.114;4331878;22.468.247;1928;747;-1;G1
nucleus;588;8391749;58.601.602;975862;6.814.679;3923407;27.398.093;1432;747;-1;G1
nucleus;591;1663043;93.639.807;4537910;25.551.294;6735783;37.926.707;1776;750;-1;G2
nucleus;592;1921431;89.618.982;5449163;25.415.872;7349021;34.277.151;2144;750;-1;G2
nucleus;593;1429925;12.488.428;1991866;1.739.621;5047480;44.082.793;1145;751;-1;G2
nucleus;594;2127795;15.385.358;2337421;16.901.091;5469199;39.545.908;1383;751;-1;S
nucleus;595;2279509;92.512.543;2586576;10.497.467;6347831.5;25.762.302;2464;752;-1;S
nucleus;596;2434378;95.690.961;2532958;99.565.961;6169719;24.252.041;2544;752;-1;S
nucleus;597;5203532;21.826.897;3558391;14.926.136;5780364;24.246.494;2384;753;-1;S
nucleus;598;4626521;24.927.375;3091125;16.654.768;5282979;28.464.326;1856;753;-1;S
nucleus;599;2227396;18.876.238;155158.02;13.148.984;4429349;37.536.855;1180;754;-1;G1
nucleus;600;2707024;19.616.116;184937;13.401.231;4316402;31.278.276;1380;754;-1;G1
nucleus;603;567355;10.827.385;60826;11.608.015;1083800;20.683.206;524;757;-1;G1
nucleus;604;1438099;13.352.822;129256;12.001.485;2408052;22.358.887;1077;757;-1;G1
nucleus;605;1984794;11.387.229;205222;11.774.068;3501810;20.090.706;1743;757;-1;G1
nucleus;606;3466227;16.412.059;1294415;61.288.586;5121319;24.248.669;2112;758;-1;S
nucleus;607;2941810;18.954.961;1127113;7.262.326;4570395;2.944.842;1552;758;-1;S
nucleus;608;3773025;19.651.172;2252071;11.729.536;4731728;24.644.417;1920;759;-1;S
nucleus;609;3325948;1.979.731;1995311.9;11.876.857;4513664;26.867.048;1680;759;-1;S
nucleus;610;4358587;24.835.254;1604174;91.405.927;5071992;28.900.239;1755;760;-1;S
nucleus;611;3517442;2.282.571;1288909;83.641.077;4098748.8;26.597.981;1541;760;-1;S
nucleus;612;7429970.5;23.814.009;2433067;77.982.916;8384845.5;26.874.504;3120;761;-1;S
nucleus;613;3032816;14.346.339;974438;46.094.513;4507231;21.320.867;2114;761;-1;S
nucleus;614;3085276;16.498.802;975777.94;5.218.064;4665743;24.950.498;1870;761;-1;S
nucleus;615;1676426;85.706.848;2961705;15.141.641;5638038;28.824.326;1956;762;-1;G2
nucleus;616;1729253;87.336.011;3001545;15.159.318;6068527;30.649.126;1980;762;-1;G2
nucleus;617;1711305;65.142.938;7585254.5;28.874.209;8504189;32.372.246;2627;763;-1;G2
nucleus;618;1455261;75.285.101;6458788;33.413.286;7709898;39.885.659;1933;763;-1;G2
nucleus;620;1153439;70.203.229;3185138;19.386.111;6261568;38.110.579;1643;766;-1;G2
nucleus;621;1789426;74.902.722;4288181;1.794.969;6684879.5;27.981.914;2389;766;-1;G2
nucleus;622;3642556.8;21.055.242;4900355;28.325.752;5168696;29.876.855;1730;768;-1;S
nucleus;623;3251223;19.192.579;4438624;26.202.031;5034883;2.972.186;1694;768;-1;S
nucleus;625;1805760;72.346.155;2473713;99.107.092;7735098;30.989.976;2496;771;-1;S
nucleus;626;1015296;10.466.969;107224;11.054.021;3696620;38.109.485;970;771;-1;G1
nucleus;627;1306001;1.112.437;131630;11.212.096;3555485;30.285.222;1174;771;-1;G1
nucleus;629;4687136;36.054.893;813303;62.561.768;3187562.8;24.519.714;1300;775;-1;G1
nucleus;630;7079726;34.086.306;1300698;62.623.883;4636814;22.324.573;2077;775;-1;G1
nucleus;631;4525720;25.758.225;247332.02;1.407.695;3721536.2;21.181.196;1757;775;-1;G1
nucleus;632;4487046;27.460.503;232883;14.252.325;3733254;22.847.332;1634;775;-1;G1
nucleus;633;9909688;61.322.329;353223;21.857.858;3457364.2;2.139.458;1616;776;-1;G1
nucleus;634;6319220;35.904.658;282182;16.033.069;3083700;17.521.023;1760;776;-1;G1
nucleus;635;3060506;17.116.924;257029.02;14.375.224;3320264;18.569.709;1788;777;-1;G1
nucleus;636;2531925;19.239.552;187525;1.424.962;3416695;25.962.727;1316;777;-1;G1
nucleus;637;3291465;17.849.594;266572;14.456.183;3107216;16.850.413;1844;778;-1;G1
nucleus;638;3260115;1.791.272;266460;1.464.066;3007202;16.523.088;1820;778;-1;G1
nucleus;639;1405198;91.128.278;4281389;27.765.168;6840556;44.361.582;1542;779;-1;G2
nucleus;640;1532547;915.05.00;5001398;29.876.929;7818413;46.704.976;1674;779;-1;G2
nucleus;641;1701776;9.523.089;4667515;26.119.277;7043188;39.413.474;1787;780;-1;G2
nucleus;642;1640276;90.473.029;4627932;25.526.377;6967323;38.429.802;1813;780;-1;G2
nucleus;643;3847001.2;2.344.303;238720;14.547.227;3779699;2303.29.00;1641;781;-1;G1
nucleus;644;3820286;25.830.195;223130.98;15.086.612;3910903.2;26.442.888;1479;781;-1;G1
nucleus;645;2409768;1.906.462;1707845;13.511.432;5018329;3.970.197;1264;782;-1;S
nucleus;646;2630606;18.683.281;1863204;13.232.983;5019466;35.649.617;1408;782;-1;S
nucleus;647;3700353;26.794.736;218788;15.842.723;3294865;23.858.545;1381;783;-1;G1
nucleus;648;2736373.8;2.454.147;167525;15.024.664;3349721;30.042.341;1115;783;-1;G1
nucleus;649;4678926;40.059.297;340921;29.188.443;2896871;24.801.978;1168;784;-1;G1
nucleus;650;5619939;41.323.081;422492;31.065.588;3282832.2;24.138.472;1360;784;-1;G1
nucleus;652;4242963;27.587.537;2381135;15.482.023;4204803;27.339.421;1538;786;-1;S
nucleus;653;4552500;27.929.448;2458704;15.084.073;4235980;25.987.607;1630;786;-1;S
nucleus;654;6435868;11.289.016;9996583;17.534.789;20082422;3.522.614;5701;787;-1;S
nucleus;655;2682426;17.162.035;2598591;16.625.662;5741858;36.736.135;1563;787;-1;S
nucleus;656;2414458;1.714.814;194101;13.785.582;3847024.2;27.322.615;1408;788;-1;G1
nucleus;657;2948404;16.800.023;249025.02;14.189.459;4022777;22.921.807;1755;788;-1;G1
nucleus;658;3332359;18.492.559;1942742.1;10.781.033;4941003;27.419.551;1802;788;-1;S
nucleus;659;2752736;19.846.691;1546118;11.147.209;4794654;34.568.523;1387;788;-1;S
nucleus;660;2405147;15.184.009;280589;17.713.953;3947632;24.921.919;1584;789;-1;G1
nucleus;661;4673727;23.183.169;307071;15.231.697;6840712;33.932.102;2016;789;-1;G1
nucleus;662;2177296;16.800.123;259248;20.003.703;3873621;2.988.905;1296;789;-1;G1
nucleus;663;5023716;27.542.302;291526;15.982.785;4485026;24.588.958;1824;790;-1;G1
nucleus;664;4950573;24.752.866;305986;152.993;4509501;22.547.505;2000;790;-1;G1
nucleus;665;3572542;20.591.021;300129;17.298.502;4315193;24.871.428;1735;791;-1;G1
nucleus;666;3378522;18.593.958;301890;16.614.749;4323939;23.797.134;1817;791;-1;G1
nucleus;667;3026126;24.247.805;179972;14.420.833;4085352;32.735.193;1248;791;-1;G1
nucleus;668;3761333;24.810.903;244116;16.102.638;4164961;27.473.357;1516;792;-1;G1
nucleus;669;3897332.2;23.591.599;263636;15.958.595;3910854;2.367.345;1652;792;-1;G1
nucleus;670;3467691;32.775.908;156108;14.755.009;3493062;33.015.708;1058;793;-1;G1
nucleus;671;3241148;28.581.553;160628;14.164.726;3367227;29.693.359;1134;793;-1;G1
nucleus;672;4150264;27.448.835;1969799;13.027.771;4286455;2.834.957;1512;794;-1;S
nucleus;673;4855446;2.604.853;2402960;12.891.416;4513381;24.213.418;1864;794;-1;S
nucleus;675;5025870;33.550.535;900432.06;60.108.948;3261316;21.771.135;1498;797;-1;G1
nucleus;676;5736175;30.032.329;1037495;5.431.911;3899438;20.415.906;1910;797;-1;G1
nucleus;679;2663888;13.646.968;389021;19.929.355;3551565;18.194.493;1952;800;-1;G1
nucleus;680;2264133;14.740.449;321696;2.094.375;3305609;21.520.891;1536;800;-1;G1
nucleus;681;569928;54.072.864;4277078;40.579.487;2653188;25.172.561;1054;802;-1;G2
nucleus;682;966190;56.370.477;6423972;37.479.417;3405397;19.868.127;1714;802;-1;G2
nucleus;684;3923353;27.245.508;279281;19.394.514;3868145.2;26.862.119;1440;804;-1;G1
nucleus;685;4716271;25.631.907;337837;18.360.707;3942272;21.425.391;1840;804;-1;G1
nucleus;686;1309707;82.683.521;175489;11.078.851;3714393;23.449.451;1584;805;-1;G1
nucleus;687;1009365;76.933.307;144074;1.098.125;3227063;24.596.516;1312;805;-1;G1
nucleus;688;2552160;1.307.459;302149;15.478.944;4176890.2;21.398.003;1952;806;-1;G1
nucleus;689;2524894;12.425.659;302344;14.879.134;4254469;20.937.349;2032;806;-1;G1
nucleus;690;1323118;70.982.727;3459108;18.557.446;7117320;38.183.047;1864;807;-1;G2
nucleus;691;1410203;75.010.797;3595865;19.126.941;7506246;39.926.841;1880;807;-1;G2
nucleus;692;4020546;18.955.898;856782;4.039.519;4494473;21.190.349;2121;807;-1;G1
nucleus;693;3201188;16.664.175;662009;34.461.685;4505528;23.454.077;1921;807;-1;G1
nucleus;694;7116018;19.733.827;1428972;39.627.621;8830056;24.487.122;3606;807;-1;S
nucleus;695;1385504;12.359.536;131978;11.773.238;3244413;28.942.131;1121;810;-1;G1
nucleus;696;1798439.9;10.814.431;191163;11.495.069;4485289;26.971.069;1663;810;-1;G1
nucleus;697;4331221;17.897.607;4928622;20.366.206;7431966;30.710.603;2420;811;-1;S
nucleus;698;4182648;18.977.532;4726858;21.446.724;7253289;32.909.661;2204;811;-1;S
nucleus;699;1923934;10.736.239;211152;11.783.036;3613211;20.163.008;1792;813;-1;G1
nucleus;700;1743308;11.591.144;181589;12.073.737;3632996.8;24.155.564;1504;813;-1;G1
nucleus;701;3538380;21.991.174;254687;158.289;3927796.8;24.411.416;1609;814;-1;G1
nucleus;702;3950610.8;20.673.003;302660;15.837.781;4029626.2;21.086.479;1911;814;-1;G1
nucleus;705;4528547;2.528.502;1904814;10.635.477;4693333;26.205.098;1791;818;-1;S
nucleus;706;3971611;25.057.483;1736016;10.952.782;3955336.2;24.954.802;1585;818;-1;S
nucleus;708;3455048;17.818.711;255208;13.161.836;3940955;20.324.678;1939;820;-1;G1
nucleus;709;3124900;17.948.879;233362;13.403.906;3732547.2;21.439.099;1741;820;-1;G1
nucleus;710;2939580;26.845.479;908003;8.292.265;3108428;28.387.471;1095;821;-1;S
nucleus;711;3064684;26.396.934;961374;82.805.682;3369620;29.023.428;1161;821;-1;S
nucleus;713;1528429;97.476.337;185632;11.838.776;3217036.8;20.516.816;1568;827;-1;G1
nucleus;714;1309859;12.594.799;130301;12.528.942;2923636;28.111.885;1040;827;-1;G1
nucleus;715;3720908;22.148.262;224954.98;13.390.178;3378631;20.110.898;1680;828;-1;G1
nucleus;716;1126317;16.442.584;88748;12.955.913;1738435;25.378.613;685;828;-1;G1
nucleus;717;717273;12.785.615;70233;12.519.251;1118341;19.934.777;561;828;-1;G1
nucleus;718;4355063;24.370.806;1905664.9;10.664.045;4124392;23.079.978;1787;829;-1;S
nucleus;719;5141683;26.060.227;2425516;12.293.542;4491961;22.767.161;1973;829;-1;S
nucleus;721;2634191;14.782.217;234252;13.145.454;2880439;1.616.408;1782;832;-1;G1
nucleus;722;2411134;15.821.089;197201.02;12.939.699;2959930;19.422.113;1524;832;-1;G1
nucleus;723;2648277;14.519.062;241161.98;132.216;3502140;19.200.328;1824;833;-1;G1
nucleus;724;2158482;15.506.337;195913;1.407.421;3315531;23.818.469;1392;833;-1;G1
nucleus;725;2197518;1.064.689;249031;12.065.456;3574652;1.731.905;2064;834;-1;G1
nucleus;726;1822981;11.508.718;194708;12.292.171;3372694;21.292.261;1584;834;-1;G1
nucleus;727;1511701;81.449.408;6668708;3.593.054;5965747;32.143.032;1856;835;-1;G2
nucleus;728;1851960.9;68.489.679;8054274;29.786.516;6698783.5;24.773.608;2704;835;-1;G2
nucleus;729;2840790;17.743.848;219531;13.712.117;3293687;20.572.686;1601;836;-1;G1
nucleus;730;3448706;17.435.319;269736;13.636.804;4161007;21.036.436;1978;836;-1;G1
nucleus;731;3466086;23.061.118;206875;13.764.139;3923697.8;26.105.774;1503;836;-1;G1
nucleus;732;3193943;19.887.566;213550;13.297.011;3685786.8;22.950.105;1606;836;-1;G1
nucleus;733;2824312;1858.01.00;2527688;16.629.526;6417007.5;42.217.153;1520;837;-1;S
nucleus;734;2712698;13.455.844;2383462;11.822.728;6069646;30.107.371;2016;837;-1;S
nucleus;735;3462122.2;21.318.486;236894.02;1.458.707;3829980;23.583.621;1624;838;-1;G1
nucleus;736;3775614.2;24.677.217;213091;13.927.516;3735384;24.414.275;1530;838;-1;G1
nucleus;737;2215180;2.081.936;155435;14.608.553;3139984;29.511.128;1064;838;-1;G1
nucleus;738;3643169;25.194.807;203373;14.064.523;3545333;24.518.208;1446;838;-1;G1
nucleus;739;1782129;57.993.134;5770939;18.779.496;8728389;28.403.479;3073;839;-1;G2
nucleus;740;1303556;12.534.192;140968;13.554.616;3388297;32.579.778;1040;839;-1;G1
nucleus;741;1254185;11.876.752;135567;12.837.784;3418357;32.370.806;1056;839;-1;G1
nucleus;742;1431889;5.630.708;4755464;18.700.212;6124290.5;24.082.935;2543;839;-1;G2
nucleus;743;1728475;15.432.812;139262;12.434.107;2991078;26.706.055;1120;840;-1;G1
nucleus;744;2379034;14.868.962;207115.98;12.944.749;3688841;23.055.256;1600;840;-1;G1
nucleus;745;1789152;13.097.745;179344;13.129.137;3373285;24.694.619;1366;840;-1;G1
nucleus;746;1667481.1;13.600.988;165956.98;13.536.459;3573157;29.144.836;1226;840;-1;G1
nucleus;749;2284431;74.169.836;3712494.8;12.053.555;8393257;27.250.835;3080;843;-1;S
nucleus;750;1614635;7.732.926;2924497;14.006.212;6117897;29.300.273;2088;843;-1;G2
nucleus;751;3265324;19.789.843;228610;13.855.151;3101827;18.798.951;1650;844;-1;G1
nucleus;752;2785217;19.809.509;198888;14.145.662;2966281;21.097.305;1406;844;-1;G1
nucleus;754;2370933;26.461.306;1101030;12.288.281;2376074;26.518.684;896;846;-1;S
nucleus;755;2461596;1.083.449;1455995;6.408.429;4411292;19.415.898;2272;846;-1;S
nucleus;756;2855797.8;10.687.866;1660402.1;62.140.796;5062131;18.945.101;2672;846;-1;S
nucleus;758;2517321;10.983.076;1351035;58.945.679;4394510;19.173.254;2292;848;-1;S
nucleus;759;2625130;10.883.623;1247181;51.707.336;4552615;18.874.855;2412;848;-1;S
nucleus;760;5421339;27.773.252;3845694;19.701.301;6391429;32.742.976;1952;849;-1;S
nucleus;761;4590905;2.927.873;3479576.2;22.191.174;6115126;38.999.529;1568;849;-1;S
nucleus;762;4816758;32.026.316;577163;38.375.198;3789271.8;25.194.626;1504;850;-1;G1
nucleus;763;3628287;26.065.281;201486.02;1.447.457;3944981;28.340.381;1392;850;-1;G1
nucleus;764;1401092;76.983.075;4984202;27.385.725;5898998;32.412.078;1820;851;-1;G2
nucleus;765;1424168;82.226.788;5739926;33.140.449;6626583;38.259.717;1732;851;-1;G2
nucleus;766;3593110.2;2.374.825;208737.98;13.796.298;3153728.8;20.844.209;1513;852;-1;G1
nucleus;767;2817377;31.200.188;136743;1.514.319;2864625;31.723.423;903;852;-1;G1
nucleus;768;1776641;94.906.036;3876071;20.705.508;7999994.5;42.735.015;1872;853;-1;G2
nucleus;769;2014662;93.271.387;4428330;20.501.528;8538750;3.953.125;2160;853;-1;G2
nucleus;774;3556689;21.555.691;2128586;12.900.521;5294564;32.088.267;1650;861;-1;S
nucleus;775;3040405;24.091.958;1895437;1.501.931;4511252;35.746.846;1262;861;-1;S
nucleus;776;4720539;28.924.871;1046474;6.412.218;3833864.8;23.491.819;1632;862;-1;G1
nucleus;777;4172525;27.164.875;899693;58.573.761;3752450;24.430.012;1536;862;-1;G1
nucleus;778;1690300.9;11.730.055;163646;11.356.419;4068532;28.234.087;1441;863;-1;G1
nucleus;779;1752234.9;11.415.211;175065;11.404.886;4299558;28.010.149;1535;863;-1;G1
nucleus;781;3863150;31.331.306;367530;29.807.785;3898510;31.618.086;1233;865;-1;G1
nucleus;782;3552745;28.129.414;343086;27.164.371;3840350;30.406.572;1263;865;-1;G1
nucleus;783;2311974;17.853.081;172435;13.315.443;3793429;29.292.888;1295;867;-1;G1
nucleus;784;2704644;14.959.314;232279;1.284.729;3733377.8;20.649.214;1808;867;-1;G1
nucleus;785;3299168;19.464.117;228763.98;134.964;4394731;25.927.617;1695;867;-1;G1
nucleus;786;3395479;18.274.913;250853;13.501.237;3550359;19.108.499;1858;867;-1;G1
nucleus;789;1286032;86.137.439;197868;13.253.047;3974908;2.662.363;1493;870;-1;G1
nucleus;790;1336566;8.551.286;203009;1.298.842;4094207.2;26.194.543;1563;870;-1;G1
nucleus;791;3324617;15.922.495;410013;19.636.638;3723266;17.831.733;2088;871;-1;G1
nucleus;792;3131108;16.240.187;383652;19.898.962;3640576;18.882.655;1928;871;-1;G1
nucleus;793;3384873;20.305.177;693786;41.618.835;3768855;22.608.608;1667;871;-1;G1
nucleus;794;3273620;16.525.088;718396;3.626.431;3386379;17.094.291;1981;871;-1;G1
nucleus;795;3293844.8;23.527.463;615096;43.935.428;3741452.8;26.724.663;1400;872;-1;G1
nucleus;796;2664663;28.963.728;474083;51.530.762;3141338;34.144.978;920;872;-1;G1
nucleus;797;3398614;26.887.769;351541;27.811.789;3978853;31.478.267;1264;873;-1;G1
nucleus;798;2780487;23.483.843;290474;24.533.276;3866721.2;32.658.118;1184;873;-1;G1
nucleus;799;3860917;17.174.897;1566063;69.664.722;4598830;20.457.429;2248;879;-1;S
nucleus;800;3536299;18.042.341;1381489;70.484.131;4382666;22.360.542;1960;879;-1;S
nucleus;803;2718254;23.272.722;164869;14.115.497;3862608;33.070.273;1168;882;-1;G1
nucleus;804;2908119;22.439.189;179649;13.861.806;3878636;29.927.747;1296;882;-1;G1
nucleus;805;5108575;18.455.835;367981;13.294.112;8324313.5;30.073.386;2768;883;-1;G1
nucleus;806;2136509;76.742.419;8521743;30.609.709;8008127;28.764.824;2784;883;-1;G2
nucleus;808;2470326;17.119.376;187751;13.011.157;4057289;28.117.041;1443;885;-1;G1
nucleus;809;2441227;19.359.453;172926;13.713.402;3907159;30.984.607;1261;885;-1;G1
nucleus;810;4569470;30.361.926;229493.98;1.524.877;4270261;28.373.828;1505;886;-1;G1
nucleus;811;4315983;2.646.219;239119;14.660.883;4270557;26.183.672;1631;886;-1;G1
nucleus;813;3178541;12.343.849;346991;13.475.378;6773559;26.305.083;2575;888;-1;G1
nucleus;814;1506365;67.701.801;6594890;29.639.956;6825785;30.677.686;2225;888;-1;G2
nucleus;815;1587018;11.878.877;157703;11.804.117;3854555;2.885.146;1336;889;-1;G1
nucleus;816;1646245;13.998.682;142283;12.098.895;3518971;29.923.223;1176;889;-1;G1
nucleus;817;3456667;14.671.761;293099;12.440.535;4890183;20.756.294;2356;890;-1;G1
nucleus;818;2142522;13.424.324;196617;12.319.361;3109811;19.485.032;1596;890;-1;G1
nucleus;819;2835677;17.461.066;418032;25.740.887;3694178.2;22.747.402;1624;891;-1;G1
nucleus;820;3541435;16.831.915;532634;25.315.305;3901775;18.544.558;2104;891;-1;G1
nucleus;821;3757780.2;16.445.427;1510328;66.097.504;3964502;17.350.118;2285;892;-1;S
nucleus;822;4238626;16.853.384;1564281;62.198.053;4112161;16.350.541;2515;892;-1;S
nucleus;823;3519795;21.527.798;233171.98;14.261.284;4158886;25.436.611;1635;894;-1;G1
nucleus;824;3606309;21.530.203;234675;14.010.448;4434958;26.477.361;1675;894;-1;G1
nucleus;825;4609091;2.946.989;3305383;21.134.163;5334181;34.106.016;1564;894;-1;S
nucleus;826;5016400;26.485.745;3705057;19.562.075;5679179;29.985.105;1894;894;-1;S
nucleus;827;5236107;23.714.253;346236;15.680.978;4271653;19.346.255;2208;894;-1;G1
nucleus;828;4812478;23.136.914;310334;14.919.904;4247827;20.422.245;2080;894;-1;G1
nucleus;829;3904550;2.405.761;1894383;11.672.107;5061656;31.187.036;1623;895;-1;S
nucleus;830;3984106;21.735.439;1923575.1;10.494.136;4461069;24.337.529;1833;895;-1;S
nucleus;831;3762388;18.036.376;1492889;71.567.065;4709698;22.577.651;2086;895;-1;S
nucleus;832;3564176;17.318.639;1412120;68.616.132;5041441;24.496.797;2058;895;-1;S
nucleus;833;2204713;11.634.369;2113140;11.151.134;5606985;29.588.311;1895;895;-1;S
nucleus;834;1767651;10.367.455;1854748;10.878.287;4955530;29.064.692;1705;895;-1;S
nucleus;836;3778520.2;22.491.191;258968.98;15.414.821;4414981;26.279.648;1680;897;-1;G1
nucleus;837;3812282;26.771.643;233243.98;16.379.494;4271294;29.995.042;1424;897;-1;G1
nucleus;838;4035962;31.930.078;1304128;10.317.468;3950839;31.256.638;1264;898;-1;S
nucleus;839;4205839;24.798.579;1334158;78.664.978;4000487.2;23.587.778;1696;898;-1;S
nucleus;840;3697119;24.323.152;1049848;69.068.945;4581005;30.138.191;1520;899;-1;S
nucleus;841;3597967;24.711.311;1012018;69.506.732;4522956;31.064.258;1456;899;-1;S
nucleus;842;1567357;94.192.126;2085551;12.533.359;7862301;47.249.404;1664;900;-1;G2
nucleus;843;1700473;8.175.351;2449936;11.778.539;8618302;41.434.146;2080;900;-1;G2
nucleus;844;3956898;30.840.981;1490612;11.618.176;4273728;3.331.043;1283;901;-1;S
nucleus;845;3607482;37.695.737;1278473;13.359.175;4147764.2;43.341.318;957;901;-1;S
nucleus;846;3773302;24.549.785;229731.98;14.946.779;3301101.2;21.477.561;1537;902;-1;G1
nucleus;847;2887875;21.762.434;302583;22.802.034;3113883;23.465.583;1327;902;-1;G1
nucleus;848;2464169;17.112.285;190299;13.215.208;3400890;23.617.292;1440;905;-1;G1
nucleus;849;946120;1085;101843;11.679.243;2192686;25.145.481;872;905;-1;G1
nucleus;850;4754656;15.517.806;386812;12.624.413;7212812.5;2.354.051;3064;905;-1;G1
nucleus;851;2149837;12.221.927;1627894;92.546.558;4376965;24.883.257;1759;906;-1;S
nucleus;852;2553607;12.177.429;1886202;89.947.638;4749114;22.647.183;2097;906;-1;S
nucleus;854;3737247;21.380.132;234666.02;13.424.829;3888780.2;22.247.026;1748;910;-1;G1
nucleus;855;1830282;21.685.806;114499;13.566.232;1832061.9;21.706.895;844;910;-1;G1
nucleus;857;3118574;18.843.347;226095;1.366.133;3460727.8;20.910.742;1655;913;-1;G1
nucleus;858;3213819;17.533.109;246850;13.466.994;3142190;17.142.335;1833;913;-1;G1
nucleus;859;2635883;1.238.085;880652;41.364.584;3789133;17.797.712;2129;914;-1;S
nucleus;860;2583759;13.464.091;861311;44.883.325;3821946;19.916.342;1919;914;-1;S
nucleus;863;2231655;16.817.295;171931;12.956.367;4107650;30.954.409;1327;917;-1;G1
nucleus;864;2288450;18.560.016;163145;13.231.549;4065873;32.975.449;1233;917;-1;G1
nucleus;865;2017028;16.123.325;168577;1.347.538;4108601;32.842.534;1251;917;-1;G1
nucleus;866;2207144;13.036.881;214690;12.681.039;4348863;25.687.319;1693;917;-1;G1
nucleus;868;3836288;20.053.779;1478724;77.298.694;4794946;25.065.061;1913;920;-1;S
nucleus;869;3540653;19.780.184;1455824;81.330.951;4461026;24.921.934;1790;920;-1;S
nucleus;870;4837533;34.284.429;204781.98;14.513.252;3421686;24.250.078;1411;921;-1;G1
nucleus;871;5226418;34.452.327;219459.98;1.446.671;3413399;22.500.981;1517;921;-1;G1
nucleus;872;2506398;13.067.769;2175484;11.342.461;4468563;23.298.035;1918;922;-1;S
nucleus;873;2298869;15.596.127;2107454;14.297.517;4014227;27.233.562;1474;922;-1;S
nucleus;875;4283298;23.215.708;268390;14.546.884;3756143;20.358.499;1845;924;-1;G1
nucleus;876;3987163;19.525.774;278249;13.626.297;3493418;17.107.826;2042;924;-1;G1
nucleus;879;2769882;18.392.311;3233208.8;2.146.885;4401940;29.229.348;1506;927;-1;S
nucleus;880;2635660;17.004.258;3215076.2;20.742.427;4410620;28.455.613;1550;927;-1;S
nucleus;881;2359383;13.528.572;5287339;3.031.731;5498885;31.530.303;1744;930;-1;S
nucleus;882;2342814;13.433.567;5397572;3.094.938;5315470;30.478.613;1744;930;-1;S
nucleus;883;2777685;28.665.481;411833;42.500.827;3707183;38.257.822;969;931;-1;G1
nucleus;884;3664585;21.518.408;572367;33.609.335;4006179.8;2.352.425;1703;931;-1;G1
nucleus;885;2451725;22.349.363;165724;15.107.019;2385216;21.743.081;1097;933;-1;G1
nucleus;886;3674677;24.064.683;256102.98;16.771.643;3245805.2;21.256.091;1527;933;-1;G1
nucleus;889;1458636;66.392.169;6254353.5;2846.77;6514560;2.965.207;2197;938;-1;G2
nucleus;890;1420925;674.383;6117333;29.033.379;6771809;32.139.578;2107;938;-1;G2
nucleus;892;2583326;17.939.764;3871867.2;26.887.966;5895981;40.944.312;1440;940;-1;S
nucleus;893;3265331;18.553.018;4461874;25.351.558;6503054;3.694.917;1760;940;-1;S
nucleus;894;3090899;29.720.183;427648;41.120.001;3528399;33.926.914;1040;941;-1;G1
nucleus;895;2916675;25.674.956;431436;37.978.522;3552229;31.269.622;1136;941;-1;G1
nucleus;896;3427830;23.526.631;201270;13.814.001;3622564;24.863.171;1457;942;-1;G1
nucleus;897;3478634;2.235.626;214519;13.786.568;5022542;32.278.547;1556;942;-1;G1
nucleus;898;6066981;20.756.008;723696;24.758.673;7925787.5;27.115.249;2923;942;-1;G1
nucleus;901;1703573;73.875.671;3804811;16.499.614;7031802;30.493.503;2306;945;-1;G2
nucleus;902;1466101;81.179.456;3391375;18.778.378;7062486;39.105.681;1806;945;-1;G2
nucleus;903;6232823;25.460.879;2454525;10.026.655;7674256;31.349.084;2448;946;-1;S
nucleus;904;6294658;27.132.146;2486213;10.716.436;8079756.5;34.826.536;2320;946;-1;S
nucleus;905;2324738;11.909.519;239780;12.283.811;3944736;20.208.689;1952;947;-1;G1
nucleus;906;1302738;67.290.186;8433495;4.356.144;6990255;36.106.689;1936;947;-1;G2
nucleus;909;1606873.1;10.247.915;185286;11.816.709;4014834.2;2.560.481;1568;950;-1;G1
nucleus;910;1222330;94.315.588;153211;11.821.836;3485756;26.896.265;1296;950;-1;G1
nucleus;911;3508744;19.142.084;388861;21.214.458;4245965;23.164.021;1833;951;-1;G1
nucleus;912;3863458;20.049.082;400382;20.777.478;4392731;22.795.698;1927;951;-1;G1
nucleus;913;3723716;19.754.462;281827;14.951.035;3484808;18.487.045;1885;952;-1;G1
nucleus;914;3574127;20.090.652;260449.98;14.640.247;3599861;20.235.306;1779;952;-1;G1
nucleus;915;1809788;61.473.779;5139647;1.745.804;6469975;21.976.816;2944;953;-1;G2
nucleus;916;2938561;19.963.051;214611;14.579.552;3195302;21.707.214;1472;953;-1;G1
nucleus;917;2937122;20.172.542;213910;14.691.621;3197734;21.962.458;1456;953;-1;G1
nucleus;918;1759147;1.570.667;153658;13.719.464;2212558;19.754.982;1120;953;-1;G1
nucleus;921;8743903;27.740.808;491690.03;15.599.303;6871279;21.799.744;3152;958;-1;G1
nucleus;922;3964547;30.217.583;1325063;10.099.565;3286384.2;2.504.866;1312;958;-1;S
nucleus;923;3190742;21.914.436;214807.02;14.753.229;3227733;22.168.496;1456;958;-1;G1
nucleus;924;3821015;27.992.783;260908;19.114.139;3375182;24.726.609;1365;959;-1;G1
nucleus;925;4276779;33.969.651;270215;21.462.669;3430277;27.246.045;1259;959;-1;G1
nucleus;926;4551454;37.928.784;192398;16.033.167;4156217;34.635.142;1200;960;-1;G1
nucleus;927;5087664;2.999.802;254141;14.984.729;4027216.2;23.745.378;1696;960;-1;G1
nucleus;928;3848859;31.419.258;1200226;97.977.631;4417017;36.057.283;1225;961;-1;S
nucleus;929;3276845;39.056.555;1045162;12.457.235;4101630;48.887.129;839;961;-1;S
nucleus;932;14638553;27.310.732;4057520;757;17380608;32.426.509;5360;964;-1;S
nucleus;933;5258809;22.824.692;3010553;13.066.636;9356558;40.610.061;2304;964;-1;S
nucleus;936;1643830;13.518.339;3427628;28.187.729;7696591;63.294.336;1216;967;-1;G2
nucleus;937;716547;91.396.301;91505;11.671.556;3769078;48.074.976;784;967;-1;G1
nucleus;938;1038823.9;11.594.017;119975;13.390.067;3919911.2;43.749.009;896;967;-1;G1
nucleus;939;1350885;16.886.062;162615;20.326.875;2701927;33.774.087;800;968;-1;G1
nucleus;940;1265985;18.400.945;157589;22.905.377;2389486;34.730.901;688;968;-1;G1
nucleus;941;2391236;15.567.943;198125;12.898.763;3613626;23.526.211;1536;969;-1;G1
nucleus;942;2119501;15.053.274;180670;12.831.676;3446899.8;24.480.823;1408;969;-1;G1
nucleus;943;2258305;14.114.407;2167504;13.546.899;5175013;32.343.831;1600;970;-1;S
nucleus;944;2319931;17.058.317;2326866;17.109.309;5126485;37.694.744;1360;970;-1;S
nucleus;945;471515;65.306.787;2543666;3.523.083;2230310;3.089.072;722;971;-1;G2
nucleus;946;838720;79.574.951;3305302;31.359.602;3769090;35.759.868;1054;971;-1;G2
nucleus;949;6581581;38.376.565;1856468;10.824.886;4382857;25.556.018;1715;974;-1;S
nucleus;950;6277322.5;46.258.823;1578791;11.634.421;4130299.8;30.436.992;1357;974;-1;S
nucleus;951;4335489;2.009.031;2813114;13.035.746;4998827;23.164.165;2158;975;-1;S
nucleus;952;3775210;21.232.903;2586315;14.546.204;4522618;25.436.548;1778;975;-1;S
nucleus;954;4788012;24.808.352;882474;45.724.042;4368750;22.636.011;1930;977;-1;G1
nucleus;955;4859986;26.791.543;905167;49.898.953;4057915;22.369.983;1814;977;-1;G1
nucleus;956;3741822;27.432.712;195657.98;14.344.427;4066496;2.981.302;1364;977;-1;G1
nucleus;957;3914980;25.824.407;213282.98;14.068.799;3817577;25.181.907;1516;977;-1;G1
nucleus;960;616939;61.204.266;137005;13.591.766;4086751;40.543.164;1008;980;-1;G1
nucleus;961;717723;6.139.632;159395;13.635.158;4056901;34.704.028;1169;980;-1;G1
nucleus;962;919413;65.719.299;209095;14.946.033;4260975;3.045.729;1399;980;-1;G1
nucleus;963;721740;6.308.916;171650;1.500.437;3923054;34.292.429;1144;980;-1;G1
nucleus;964;2697408;80.089.313;11136819;33.066.565;10398062;30.873.105;3368;981;-1;G2
nucleus;965;613312;59.429.456;293983;28.486.725;3391317;32.861.599;1032;981;-1;G1
nucleus;966;3776472;17.483.667;1769693;81.930.231;3741143;17.320.106;2160;982;-1;S
nucleus;967;5563000;26.440.115;2589066;12.305.447;4415442;2.098.594;2104;982;-1;S
nucleus;968;5442580;32.242.773;2621771;15.531.819;4255608;25.210.947;1688;982;-1;S
nucleus;969;1315506;9.644.472;160970;1.180.132;3880546;28.449.751;1364;983;-1;G1
nucleus;970;1360511;10.033.267;163610;12.065.634;4022917;29.667.529;1356;983;-1;G1
nucleus;972;2844656;1.526.103;1721965;92.380.096;4218141;22.629.512;1864;985;-1;S
nucleus;973;2967635;19.023.301;1802760;11.556.154;4156087.2;26.641.584;1560;985;-1;S
nucleus;974;1354907;97.756.641;159532;11.510.246;4149685;29.940.007;1386;986;-1;G1
nucleus;975;1104752;88.098.248;175082;13.961.882;4069693;32.453.691;1254;986;-1;G1
nucleus;976;1416992;79.294.458;3610848;2020.62;6789558;3.799.417;1787;987;-1;G2
nucleus;977;1268237;74.558.319;3531707;20.762.534;6783399;39.878.889;1701;987;-1;G2
nucleus;978;5227767;70.933.066;127198.99;17.259.023;3465251;4.701.833;737;988;-1;G1
nucleus;979;5018819;54.140.444;143764;15.508.522;3637168;39.235.901;927;988;-1;G1
nucleus;980;904806;78.542.188;118278;10.267.188;6114557;53.077.754;1152;989;-1;G1
nucleus;981;1173335;62.146.979;193403;10.243.803;6197363;32.825.017;1888;989;-1;G1
nucleus;982;1554947;91.575.208;3378058;19.894.335;6925123;40.783.999;1698;990;-1;G2
nucleus;983;1654118;86.017.578;4064558.2;21.136.548;7888754.5;41.023.164;1923;990;-1;G2
nucleus;984;2532365;14.604.181;2421026;13.962.087;4966438;28.641.511;1734;990;-1;S
nucleus;985;3475269;13.299.919;3366400;12.883.276;7118331.5;27.241.987;2613;990;-1;S
nucleus;986;4013312;23.607.717;521032;30.648.941;3432054;20.188.553;1700;991;-1;G1
nucleus;987;4585471;22.610.803;595022;29.340.335;3615675;17.828.772;2028;991;-1;G1
nucleus;989;1531536;81.119.489;3863071;20.461.182;7791304;4126.75;1888;994;-1;G2
nucleus;990;1759539;76.368.878;4091747;17.759.319;8040024;34.895.937;2304;994;-1;G2
nucleus;991;2911198;1.407.736;2951805;14.273.718;6061911;29.312.915;2068;996;-1;S
nucleus;992;2935212;15.986.993;2959673;16.120.223;5711730;31.109.641;1836;996;-1;S
nucleus;994;3540912;22.874.109;1660833;10.728.895;4256655;27.497.771;1548;998;-1;S
nucleus;995;6620419;27.910.703;3505201.8;14.777.411;8638018;36.416.602;2372;998;-1;S
nucleus;996;3935490;22.462.842;1489531;8.501.889;4932351;28.152.688;1752;999;-1;S
nucleus;997;3247814;22.184.521;1263804;86.325.409;4452027;3.041.002;1464;999;-1;S
nucleus;998;3433327.8;20.509.724;1396861;83.444.507;4621147;27.605.417;1674;1000;-1;S
nucleus;999;3088208.2;20.670.737;1219160;81.603.748;4361601;29.194.116;1494;1000;-1;S
nucleus;1000;5095202;26.102.468;291081;14.911.937;3311175;16.962.987;1952;1002;-1;G1
nucleus;1001;3940403;25.653.665;229931;14.969.466;3222001;2.097.657;1536;1002;-1;G1
nucleus;1002;3315145;17.823.361;3391503;18.233.887;5482758;29.477.192;1860;1003;-1;S
nucleus;1003;3899680;17.954.327;4183610;19.261.556;6265168;28.845.156;2172;1003;-1;S
nucleus;1004;3903073;21.976.763;289758;16.315.202;3810797;2.145.719;1776;1005;-1;G1
nucleus;1005;3774928.2;24.322.991;261923.98;16.876.546;3894038;25.090.452;1552;1005;-1;G1
nucleus;1006;2448857;1.594.308;200161;13.031.316;4004003;26.067.727;1536;1008;-1;G1
nucleus;1007;4031280;19.917.391;544602;26.907.214;5526997;27.307.297;2024;1008;-1;G1
nucleus;1008;6200152;25.410.459;1422288;58.290.491;6023693;24.687.266;2440;1008;-1;S
nucleus;1012;4711774;21.358.904;2114154;95.836.536;3992809;18.099.769;2206;1014;-1;S
nucleus;1013;4089812;19.795.798;1807827;87.503.729;3862715;18.696.588;2066;1014;-1;S
nucleus;1014;4106540;22.915.959;233399.98;13.024.553;2983283;16.647.784;1792;1015;-1;G1
nucleus;1015;3631405;23.398.228;205370;13.232.603;2804196;18.068.273;1552;1015;-1;G1
nucleus;1016;2896354;13.610.686;2197700;10.327.538;3890917;18.284.385;2128;1016;-1;S
nucleus;1017;2907482;13.871.575;2247536;10.722.977;4322052;20.620.476;2096;1016;-1;S
nucleus;1019;2820268;1.915.943;215345;14.629.416;3511611;23.856.052;1472;1019;-1;G1
nucleus;1020;2873715.8;20.884.563;202419;14.710.683;3466961;25.195.937;1376;1019;-1;G1
nucleus;1023;1170873;11.258.395;129596;12.461.154;3612291;34.733.567;1040;1022;-1;G1
nucleus;1024;692541;10.066.003;90919;1.321.497;2898128;42.123.955;688;1022;-1;G1
nucleus;1025;7109616;17.024.943;537600;12.873.563;13061416;31.277.336;4176;1022;-1;G1
nucleus;1027;1229743;6.939.859;2916490;16.458.748;5807534;32.773.894;1772;1024;-1;G2
nucleus;1028;1151532;66.485.681;3001936;17.332.194;5161623;29.801.519;1732;1024;-1;G2
nucleus;1029;1926605;724.56.00;2663004;10.015.059;8458437;31.810.593;2659;1025;-1;S
nucleus;1030;1515614;82.504.846;2251146;12.254.469;8072874;43.945.967;1837;1025;-1;G2
nucleus;1031;1731129;61.826.038;2192218;782.935;7350285.5;26.251.021;2800;1027;-1;S
nucleus;1032;974696;5.343.728;1326784;7.274.035;4742011;25.997.866;1824;1027;-1;G2
nucleus;1034;1657895;12.901.907;4314258;33.573.992;6034292;46.959.473;1285;1030;-1;G2
nucleus;1035;2335292;11.800.364;4793593;2422.23.00;7344476;37.112.056;1979;1030;-1;S
nucleus;1036;5648942;16.007.203;481037;13.630.972;6154864;17.440.817;3529;1032;-1;G1
nucleus;1037;2182118;18.941.997;170476;14.798.264;2753772;2.390.427;1152;1032;-1;G1
nucleus;1038;3164659;20.724.683;237412.98;15.547.675;3487910;22.841.584;1527;1032;-1;G1
nucleus;1039;1848587;35.756.035;89660;1.734.236;1253797;24.251.392;517;1033;-1;G1
nucleus;1040;2249222;36.336.382;113872;18.396.123;2028618;32.772.505;619;1033;-1;G1
nucleus;1041;1259917;58.410.614;3794897;17.593.403;6130000;28.419.102;2157;1035;-1;G2
nucleus;1042;1375608;54.008.954;4076809;16.006.317;6619188;25.988.174;2547;1035;-1;G2
nucleus;1044;4932262;45.333.291;230759;21.209.467;3282514;30.170.166;1088;1040;-1;G1
nucleus;1045;11362547;35.331.304;584738;18.182.152;8924617;27.750.674;3216;1040;-1;G1
nucleus;1046;4271046;17.221.959;333814;13.460.242;8077483;32.570.496;2480;1040;-1;G1
nucleus;1047;1181928;8.394.375;167749;11.913.992;3695746;26.248.196;1408;1040;-1;G1
nucleus;1049;3169683;2.556.196;197027;15.889.275;3719440;29.995.483;1240;1042;-1;G1
nucleus;1050;3178087;24.984.961;201232;15.820.126;3929140;30.889.465;1272;1042;-1;G1
nucleus;1051;5715297;27.319.775;355784;17.006.883;6055851;28.947.664;2092;1043;-1;G1
nucleus;1052;1947462.1;26.898.647;124963.99;1.726.022;1034559;14.289.489;724;1043;-1;G1
nucleus;1053;5960074;3.528.759;281128;16.644.641;3792818.2;22.455.999;1689;1044;-1;G1
nucleus;1054;5387093;3.491.311;256140.98;16.600.194;3691175.8;23.922.073;1543;1044;-1;G1
nucleus;1055;3586128.2;30.703.152;378747;32.426.968;3533504;30.252.603;1168;1047;-1;G1
nucleus;1056;3624452;25.741.846;403791;28.678.339;3456874;24.551.663;1408;1047;-1;G1
nucleus;1058;3676400.2;2.399.739;346643;22.626.828;3834330;25.028.264;1532;1049;-1;G1
nucleus;1059;4090048;23.186.213;410612;23.277.324;4150956;23.531.497;1764;1049;-1;G1
nucleus;1062;3830938;18.560.746;1551311;75.160.419;3997060;19.365.601;2064;1053;-1;S
nucleus;1063;3228430;20.177.688;1290233;80.639.563;3638704;22.741.899;1600;1053;-1;S
nucleus;1064;2196147;14.919.476;188496;12.805.435;4082529;27.734.573;1472;1058;-1;G1
nucleus;1065;2612637;17.558.044;197934;13.302.016;4251843;28.574.214;1488;1058;-1;G1
nucleus;1066;6677313;31.571.221;337934;15.977.966;4048151;19.140.194;2115;1059;-1;G1
nucleus;1067;5869075;27.828.711;324256;1.537.487;4196301;19.897.112;2109;1059;-1;G1
nucleus;1068;1770420;13.412.273;166318;12.599.848;4142598;31.383.318;1320;1059;-1;G1
nucleus;1069;1731456;11.214.093;186084;12.052.073;4315617;27.950.886;1544;1059;-1;G1
nucleus;1071;2431193;16.766.848;193424;13.339.586;3534226;24.373.972;1450;1062;-1;G1
nucleus;1072;2259401;16.937.039;181418;1.359.955;3150820;23.619.341;1334;1062;-1;G1
nucleus;1074;1816835;13.890.176;5507687;4210.77;5214477;39.866.033;1308;1065;-1;G2
nucleus;1075;4288752;31.077.913;4099749;29.708.325;4633270;33.574.421;1380;1065;-1;S
nucleus;1076;2437543;16.775.933;325920;22.430.833;3152412;21.695.884;1453;1066;-1;G1
nucleus;1077;2148057;14.722.803;306538;21.010.144;3631810;24.892.461;1459;1066;-1;G1
nucleus;1078;3157071;35.195.886;140868;15.704.347;2990155;33.335.061;897;1067;-1;G1
nucleus;1079;3053933;29.852.717;150359;1.469.785;3236774;3.164.002;1023;1067;-1;G1
nucleus;1081;1796432;10.642.369;199303;1.180.705;3066228;18.164.858;1688;1069;-1;G1
nucleus;1082;1940031;11.073.236;208898;11.923.402;3170340;18.095.548;1752;1069;-1;G1
nucleus;1083;4539199;34.809.807;204738.02;15.700.768;3510845.8;26.923.665;1304;1070;-1;G1
nucleus;1084;4782567;31.299.521;232637;15.224.934;3794786.2;24.834.988;1528;1070;-1;G1
nucleus;1085;7187454;22.020.386;5028660;15.406.434;9792940;30.002.881;3264;1071;-1;S
nucleus;1086;6672368;26.063.938;4978832;19.448.562;9679064;37.808.843;2560;1071;-1;S
nucleus;1087;2355675;15.178.318;201324;12.971.907;3584984;23.099.124;1552;1073;-1;G1
nucleus;1088;2429621;15.654.774;201520.02;12.984.537;3735285;24.067.559;1552;1073;-1;G1
nucleus;1089;8433504;22.817.922;7396696;20.012.705;11378418;30.785.764;3696;1076;-1;S
nucleus;1090;7671984;2.327.665;6708766;20.354.266;11765377;35.695.925;3296;1076;-1;S
nucleus;1091;1581872.1;11.631.412;7401650;54.423.896;6453580;47.452.793;1360;1076;-1;G2
nucleus;1095;1725872;91.801.703;8035732.5;42.743.257;5851847;31.126.846;1880;1080;-1;G2
nucleus;1096;2270859;10.793.057;8928295;42.434.863;6871481;32.659.131;2104;1080;-1;G2
nucleus;1097;6834412;27.207.053;2759643;1.098.584;7456078;29.681.838;2512;1081;-1;S
nucleus;1098;6119649;26.560.977;2503795;10.867.166;6417024;27.851.667;2304;1081;-1;S
nucleus;1103;4190399;30.879.875;235313;17.340.678;3324118;24.496.079;1357;1087;-1;G1
nucleus;1104;3851312;35.300.752;210525;19.296.516;2873032;26.333.933;1091;1087;-1;G1
nucleus;1105;2550628;14.162.288;226891;12.598.057;3567803;19.810.122;1801;1088;-1;G1
nucleus;1106;2322540;13.143.973;219931;12.446.576;3446040;19.502.207;1767;1088;-1;G1
nucleus;1107;1967672.9;11.670.658;200951;11.918.802;3519340.2;20.873.904;1686;1089;-1;G1
nucleus;1108;2047436;10.026.621;237091;11.610.725;3208637;15.713.208;2042;1089;-1;G1
nucleus;1113;3788446.2;11.012.925;8566337;24.902.144;7648615;22.234.346;3440;1095;-1;S
nucleus;1114;1575226;16.974.418;132490;14.276.939;3266659;35.201.067;928;1095;-1;G1
nucleus;1118;1466600;14.784.274;137185;13.829.134;3234297;32.603.801;992;1101;-1;G1
nucleus;1119;4924347;1.586.452;6038967;19.455.435;6443770.5;2.075.957;3104;1101;-1;S
nucleus;1125;3944217.2;23.477.483;224789;13.380.298;4331432;25.782.334;1680;1111;-1;G1
nucleus;1126;5050141;23.731.865;951109;44.694.971;5000436;23.498.289;2128;1111;-1;G1
nucleus;1139;4834459;4472.21.00;210525;19.475.023;3199989;29.602.119;1081;1127;-1;G1
nucleus;1140;2561306;14.899.977;3881680;22.581.035;4505869;26.212.153;1719;1127;-1;S
nucleus;1145;5685072;21.032.454;474616;17.558.861;5041398;18.651.121;2703;1133;-1;G1
nucleus;1146;4072634;33.910.359;213695.98;17.793.172;3792078;31.574.338;1201;1133;-1;G1
nucleus;1152;1686857;12.702.236;181155;1.364.119;3541759.2;26.669.873;1328;1141;-1;G1
nucleus;1153;1423264.9;11.404.366;160046;12.824.199;3281057;2.629.052;1248;1141;-1;G1
nucleus;1192;2906256;79.667.108;3537691;96.976.178;4429254;12.141.595;3648;1186;-1;S
nucleus;1193;3051681;13.921.902;3039548;13.866.552;4538364;20.704.216;2192;1186;-1;S
nucleus;1206;1977053;18.408.314;137763;12.827.095;3964357;36.912.075;1074;1202;-1;G1
nucleus;1207;1993511;25.492.468;108143;13.829.028;3502539.8;44.789.512;782;1202;-1;G1
nucleus;1208;8684240;16.397.734;22834784;43.117.041;9642228;18.206.624;5296;1203;-1;S
nucleus;1209;4551189;19.753.424;568741;2.468.494;4722258;20.495.911;2304;1203;-1;G1
nucleus;1210;5138348;34.907.256;764878;51.961.823;3871557;26.301.338;1472;1205;-1;G1
nucleus;1211;1165789;12.143.635;2567594;26.745.771;4791088;49.907.168;960;1205;-1;G2
nucleus;1274;1381434;64.704.169;6109053;28.613.831;4716116;22.089.536;2135;1289;-1;G2
nucleus;1275;1405487;76.013.361;5823489;31.495.344;3852136;20.833.618;1849;1289;-1;G2
nucleus;1359;1268078;13.334.154;123547;12.991.272;3475031;36.540.811;951;1401;-1;G1
nucleus;1360;1139130;14.080.717;106064;13.110.507;3022188;37.357.083;809;1401;-1;G1
nucleus;1371;1627326;13.932.585;140380;12.018.835;3211540;27.496.062;1168;1415;-1;G1
nucleus;1372;1661460;13.144.462;153622;12.153.639;3376302;2.671.125;1264;1415;-1;G1
nucleus;1395;5143672;28.897.034;1820259;10.226.174;4483228;25.186.675;1780;1448;-1;S
nucleus;1396;3997438.8;34.342.258;2200889;18.907.981;4427987;38.041.125;1164;1448;-1;S
nucleus;1438;1239970;50.797.623;2980508;12.210.193;5787076;23.707.808;2441;1514;-1;G2
nucleus;1439;588875;53.004.053;1222208;11.000.972;2769864;2.493.127;1111;1514;-1;G2
nucleus;1442;2505448;13.826.976;246150.02;13.584.438;4424008;24.415.056;1812;1520;-1;G1
nucleus;1443;2461469;15.738.292;235682;15.069.182;4093797.8;26.175.178;1564;1520;-1;G1
nucleus;1463;3946813;17.012.125;2172770;93.653.882;4858958;20.943.784;2320;1551;-1;S
nucleus;1464;2276592;10.462.279;247174;113.591;4606400;21.169.119;2176;1551;-1;G1
nucleus;1518;1541800;15.558.022;140639;14.191.624;3440641;34.718.879;991;1631;-1;G1
nucleus;1519;696160;11.282.982;917057;1.486.316;1857104.9;30.098.945;617;1631;-1;G2
nucleus;1520;1165517;14.144.624;107508;13.047.087;2818846;34.209.297;824;1631;-1;G1
nucleus;1540;1548715;50.677.847;6303876;20.627.866;8169399;26.732.327;3056;1655;-1;G2
nucleus;1541;1872957;12.453.171;1792823.1;11.920.366;4639887;30.850.312;1504;1655;-1;S
nucleus;1574;2898697;21.567.686;184638.02;13.737.947;4094465.2;30.464.771;1344;1695;-1;G1
nucleus;1575;2234723;13.693.156;204416;12.525.491;4087793;25.047.751;1632;1695;-1;G1
nucleus;1603;2475142;1.227.749;297727;14.768.204;4396486;21.807.966;2016;1731;-1;G1
nucleus;1604;4830541;15.806.744;1959205.1;64.110.114;5021509;16.431.639;3056;1731;-1;S
nucleus;1611;2209832;17.763.923;165502;13.304.019;4166755;33.494.814;1244;1742;-1;G1
nucleus;1612;1620194;16.532.592;123770;12.629.592;4085273;4.168.646;980;1742;-1;G1
nucleus;1641;1854212;99.903.662;237729;12.808.675;4998538;26.931.777;1856;1781;-1;G1
nucleus;1642;1926154;12.806.875;204032.98;13.566.023;4769959;31.715.154;1504;1781;-1;G1
nucleus;1664;3296225;13.919.869;2151321;90.849.707;6128702;25.881.343;2368;1813;-1;S
nucleus;1665;1850773.9;54.821.503;6301687;18.666.134;8945798;26.498.218;3376;1813;-1;G2
nucleus;1676;3664153.2;10.701.382;5738861;16.760.692;7408268;21.636.296;3424;1837;-1;S
nucleus;1677;3618436;20.192.166;1808106;10.089.877;6052332;33.774.175;1792;1837;-1;S
nucleus;1683;3306120;16.399.404;1677563;83.212.451;5253660;26.059.822;2016;1843;-1;S
nucleus;1684;1541225;14.819.471;139120;13.376.923;4196039;40.346.528;1040;1843;-1;G1
nucleus;1695;1097525;68.296.515;3727132.8;2.319.311;4770702;29.687.007;1607;1855;-1;G2
nucleus;1696;765430;6.592.851;2698690;23.244.531;3537841;30.472.361;1161;1855;-1;G2
nucleus;1701;1925332.9;67.225.311;5663039;19.773.181;7613228;2658.25.00;2864;1865;-1;G2
nucleus;1702;1467098.9;55.237.158;4425446;1.666.207;7434147;27.990.012;2656;1865;-1;G2
nucleus;1798;3970600.2;11.705.779;6304777;18.587.196;7972492.5;23.503.811;3392;1986;-1;S
nucleus;1799;3273131;32.995.271;340463;34.320.868;4235654;42.698.125;992;1986;-1;G1
nucleus;1800;5284025;38.401.345;4183680;30.404.651;5319907;38.662.114;1376;1986;-1;S
nucleus;1815;1955081;13.281.801;214241.98;14.554.483;4185560;28.434.512;1472;2005;-1;G1
nucleus;1816;2063133;14.169.869;218549.02;15.010.234;4520735;31.049.004;1456;2005;-1;G1
nucleus;1818;5567913;22.451.262;2711926;10.935.186;5747684;23.176.145;2480;2009;-1;S
nucleus;1819;5380154.5;22.567.761;2563098;1.075.125;5849583;24.536.841;2384;2009;-1;S
nucleus;1822;1099637;18.145.825;963106;15.892.838;1623716;26.793.994;606;2012;-1;G2
nucleus;1823;4054206;19.932.183;3432449;16.875.364;5111193;25.128.777;2034;2012;-1;S
nucleus;1825;7674592;32.630.068;700180;29.769.559;5104266;21.701.812;2352;2014;-1;G1
nucleus;1826;3144330;2.396.593;207013;1.577.843;4195968;31.981.462;1312;2014;-1;G1
nucleus;1858;3676474;15.421.451;1653375;69.352.979;5460846;22.906.233;2384;2056;-1;S
nucleus;1859;4009228.2;16.594.487;1591048.1;65.854.639;4764489;19.720.568;2416;2056;-1;S
nucleus;1868;2218755;19.310.314;163236;14.206.789;4574598;39.813.733;1149;2067;-1;G1
nucleus;1869;2622254;25.141.458;168643;16.169.032;4173145;40.010.979;1043;2067;-1;G1
nucleus;1913;887338.06;10.402.556;1011297;11.855.768;1434151;16.813.025;853;2118;-1;G2
nucleus;1914;2834142;15.180.193;3310016;17.729.062;4194993;22.469.165;1867;2118;-1;S
nucleus;1939;2318426;12.087.727;231118;12.049.948;4524340;23.588.843;1918;2149;-1;G1
nucleus;1940;2767788;97.115.369;3031009;1.063.512;6924398;24.296.133;2850;2149;-1;S
nucleus;1955;3727293;1.021.736;3743715;10.262.377;5905512;16.188.356;3648;2166;-1;S
nucleus;1956;2282439;57.988.794;4898757;12.446.029;8137468.5;20.674.463;3936;2166;-1;S
nucleus;2000;3865870.8;25.980.315;230865;15.515.121;4125034;27.722.002;1488;2231;-1;G1
nucleus;2001;2068738;73.463.708;6590810;23.404.866;9406608;33.404.148;2816;2231;-1;G2
nucleus;2012;1187855;63.863.171;4025516;21.642.559;5424612;2.916.458;1860;2246;-1;G2
nucleus;2013;542725;66.838.055;2057581;25.339.668;2585012;31.835.122;812;2246;-1;G2
nucleus;2053;2195246;21.108.135;345556;33.226.538;2493995;2.398.072;1040;2298;-1;G1
nucleus;2054;3017238.8;20.497.546;2004129.1;13.615.007;4068801;27.641.311;1472;2298;-1;S
nucleus;2091;1759673;10.089.868;203776;11.684.404;4225686;24.229.851;1744;2339;-1;G1
nucleus;2092;1481988;61.340.564;5223667;21.621.138;7485183;30.981.719;2416;2339;-1;G2
nucleus;2110;1629643;21.054.819;301732;38.983.463;2614779;33.782.673;774;2361;-1;G1
nucleus;2111;997945;17.029.778;201097;34.316.895;1668507;28.472.815;586;2361;-1;G1
nucleus;2112;2402839;12.209.548;811407;41.230.029;4790721;24.343.096;1968;2362;-1;S
nucleus;2113;3001297;15.631.755;3171421;16.517.817;6463129;33.662.131;1920;2362;-1;S
nucleus;2115;1057440;18.882.858;67557;1.206.375;2049958.1;36.606.394;560;2365;-1;G1
nucleus;2116;1770693;14.755.775;142829;11.902.417;2876114;23.967.617;1200;2365;-1;G1
nucleus;2119;1547220;15.852.664;125180;12.825.819;2806158;28.751.619;976;2368;-1;G1
nucleus;2120;3320482;18.204.397;1757580;96.358.551;4499623;24.668.987;1824;2368;-1;S
nucleus;2134;637924;47.148.856;3200901;23.657.805;2375556;17.557.694;1353;2386;-1;G2
nucleus;2135;888795;48.541.507;4188508.2;22.875.522;4450009;24.303.708;1831;2386;-1;G2
nucleus;2153;4880336;2.747.937;4652546;26.196.768;7507963.5;4.227.457;1776;2414;-1;S
nucleus;2154;1251740;15.966.072;92684;11.821.939;3274080.8;41.761.235;784;2414;-1;G1
nucleus;2155;1519316;18.619.069;103233;12.651.103;4243434;52.002.866;816;2415;-1;G1
nucleus;2156;5411994;20.014.771;1605010;59.356.879;5753594;21.278.083;2704;2415;-1;S
nucleus;2175;1632704;21.259.167;120966;15.750.781;3663448;47.701.147;768;2442;-1;G1
nucleus;2176;3717901;1.358.882;2716455;99.285.638;5903734.5;21.577.976;2736;2442;-1;S
nucleus;2193;788858;58.004.266;164351;12.084.632;4670352;34.340.823;1360;2463;-1;G1
nucleus;2194;2048903;78.562.231;4303713;16.501.967;9247958;35.459.961;2608;2463;-1;G2
nucleus;2206;4392025;20.795.574;661105;31.302.319;7058639;33.421.587;2112;2478;-1;G1
nucleus;2207;1534297;16.253.146;115517;12.236.971;4034202;4.273.519;944;2478;-1;G1
nucleus;2233;2669105;16.744.698;236339;14.826.788;2463188;15.452.874;1594;2512;-1;G1
nucleus;2234;2146101;12.152.328;242422;1.372.718;2739484;15.512.367;1766;2512;-1;G1
nucleus;2235;3225255;19.382.542;1265112;76.028.363;3260026;19.591.503;1664;2513;-1;S
nucleus;2236;3264398;20.818.865;1319186;84.131.763;3292433;20.997.659;1568;2513;-1;S
nucleus;2237;1587121;14.170.723;139538;1.245.875;3125040;27.902.144;1120;2514;-1;G1
nucleus;2238;2162450;12.514.178;211417;1.223.478;3440400;19.909.722;1728;2514;-1;G1
nucleus;2239;1657718;76.995.728;2370338;11.009.465;4309923;20.018.221;2153;2515;-1;G2
nucleus;2240;1761811;85.732.898;2255091;10.973.679;4275821;20.806.914;2055;2515;-1;S
nucleus;2242;2974388;17.885.676;211845;12.738.725;3384564;20.352.158;1663;2518;-1;G1
nucleus;2243;3203865;16.404.839;245541;12.572.504;3379021;17.301.694;1953;2518;-1;G1
nucleus;2244;3075043;16.776.012;2225466;12.141.113;3953589;21.568.953;1833;2519;-1;S
nucleus;2245;3897110;2.005.718;2674198;13.763.242;4384798;22.567.153;1943;2519;-1;S
nucleus;2246;3360035;16.232.053;1038253;5.015.715;2992084;14.454.512;2070;2520;-1;S
nucleus;2247;3582116;16.880.848;1074804;50.650.519;2931771;13.816.074;2122;2520;-1;S
nucleus;2249;3125704;38.541.357;137362;16.937.361;3175227;39.151.997;811;2522;-1;G1
nucleus;2250;3037187;32.004.077;146698;15.458.167;2740537;28.878.157;949;2522;-1;G1
nucleus;2251;3064367;2.037.478;202210;13.444.814;3202713;21.294.634;1504;2523;-1;G1
nucleus;2252;3164843;24.420.085;186552;14.394.444;3061176;23.620.186;1296;2523;-1;G1
nucleus;2253;5091222;2.380.188;435987;20.382.748;3771810;17.633.521;2139;2524;-1;G1
nucleus;2254;4276969;26.916.104;336466;21.174.701;3514895.2;22.120.171;1589;2524;-1;G1
nucleus;2255;2797029;18.353.209;224627.02;14.739.305;3317226;21.766.575;1524;2525;-1;G1
nucleus;2256;3494169;17.937.213;273442;14.037.064;3848462;19.755.966;1948;2525;-1;G1
nucleus;2259;3725705;2.910.707;400011;31.250.861;3324275;25.970.898;1280;2528;-1;G1
nucleus;2260;3785963.2;21.909.509;450443;26.067.303;3484420;20.164.468;1728;2528;-1;G1
nucleus;2262;2849420;13.308.828;997456;46.588.324;3593551;16.784.451;2141;2530;-1;S
nucleus;2263;2754446;13.751.603;917743;45.818.423;3419329;17.071.039;2003;2530;-1;S
nucleus;2265;4081862.2;22.651.843;560511;31.104.938;3012840;16.719.423;1802;2532;-1;G1
nucleus;2266;4822401;20.876.194;666870;28.868.832;3189286;13.806.433;2310;2532;-1;G1
nucleus;2267;2514238;13.430.758;229529;12.261.165;6509184;34.771.282;1872;2533;-1;G1
nucleus;2268;3352792;12.699.969;322068;12.199.545;6825034;25.852.402;2640;2533;-1;G1
nucleus;2270;637900;86.671.198;107716;14.635.326;4705874;63.938.506;736;2535;-1;G1
nucleus;2271;926915;11.822.896;99554;12.698.214;4628193;59.033.076;784;2535;-1;G1
nucleus;2272;6134611;39.324.429;1374156;8.808.692;3564737.8;22.850.884;1560;2536;-1;S
nucleus;2273;5213602;29.224.226;1204620;67.523.541;3449038;19.333.173;1784;2536;-1;S
nucleus;2274;4417300;25.563.079;283542;16.408.681;3206713;18.557.367;1728;2538;-1;G1
nucleus;2275;3320275;18.364.353;269791;14.922.069;3033389;16.777.594;1808;2538;-1;G1
nucleus;2276;4565922;27.522.134;1421617;85.691.199;2970372;17.904.594;1659;2539;-1;S
nucleus;2277;4908938;29.133.164;1558631;92.500.354;3020521;17.925.941;1685;2539;-1;S
nucleus;2278;2137935;13.295.615;189004;1.175.398;3466018;21.554.839;1608;2541;-1;G1
nucleus;2279;1943281;11.512.328;195743;11.596.149;3655960;2.165.853;1688;2541;-1;G1
nucleus;2280;1413198;10.514.866;152206;11.324.851;3237182.2;24.086.177;1344;2541;-1;G1
nucleus;2281;1829723;11.102.688;195358;11.854.247;2143901;13.009.108;1648;2542;-1;G1
nucleus;2282;2337529;11.594.886;244936;12.149.603;2482755;12.315.253;2016;2542;-1;G1
nucleus;2283;4884198;22.160.608;2850153;12.931.729;4330029;19.646.229;2204;2543;-1;S
nucleus;2284;3854312;24.271.487;2079246;13.093.489;3628402;22.848.879;1588;2543;-1;S
nucleus;2285;3200902;2.184.916;235164;1.605.215;3206919;21.890.232;1465;2544;-1;G1
nucleus;2286;3172415;19.168.671;261091;15.775.891;3036404;18.346.852;1655;2544;-1;G1
nucleus;2287;1697890.9;10.638.414;186012;11.654.887;3354846.2;21.020.339;1596;2545;-1;G1
nucleus;2288;1421537;12.297.032;138607;11.990.225;3393951;29.359.438;1156;2545;-1;G1
nucleus;2290;1453477;14.968.867;1882252;19.384.675;3772053;38.847.095;971;2547;-1;G2
nucleus;2291;1888046.9;10.996.196;2383514;13.881.852;5069255;29.523.909;1717;2547;-1;S
nucleus;2292;3755318;19.848.403;2048565.1;10.827.511;3475915;18.371.644;1892;2548;-1;S
nucleus;2293;3710221.8;21.521.008;1985562.1;11.517.181;3333965;19.338.544;1724;2548;-1;S
nucleus;2294;1580327;88.782.416;3091690;17.369.045;4877564;27.402.046;1780;2549;-1;G2
nucleus;2295;1553371;98.314.618;3085704;19.529.772;4800048;30.380.051;1580;2549;-1;G2
nucleus;2296;2741045;33.224.788;153211;1.857.103;3013194;36.523.564;825;2550;-1;G1
nucleus;2297;2662575;20.948.662;197643.98;15.550.275;2805411;22.072.471;1271;2550;-1;G1
nucleus;2298;2169654;1.419.002;2198416;1.437.813;3809858.2;24.917.319;1529;2551;-1;S
nucleus;2299;2226982;13.587.444;2108537;12.864.778;3678899.2;22.445.999;1639;2551;-1;S
nucleus;2301;2842939;17.868.881;256241.98;16.105.719;3671814;23.078.655;1591;2555;-1;G1
nucleus;2302;2846050;18.047.241;243299;15.427.965;3479618.2;22.064.795;1577;2555;-1;G1
nucleus;2303;3008180;17.916.498;1198582;71.386.658;3231715;19.247.856;1679;2556;-1;S
nucleus;2304;3239492;15.448.221;1270228;60.573.584;3453703;16.469.733;2097;2556;-1;S
nucleus;2305;3717435;28.683.911;205498.02;15.856.328;3027117.2;23.357.385;1296;2557;-1;G1
nucleus;2306;3595431;25.829.246;215887;15.509.123;3088901;22.190.381;1392;2557;-1;G1
nucleus;2307;854765.94;10.902.627;95780;12.216.837;2983722;38.057.678;784;2558;-1;G1
nucleus;2308;697611;12.195.996;97395;17.027.098;2739790;47.898.428;572;2558;-1;G1
nucleus;2309;1155222;10.426.191;4650455;41.971.616;5549753;50.088.022;1108;2558;-1;G2
nucleus;2310;2664639;21.752.156;163825;1.337.347;2644329;2.158.636;1225;2559;-1;G1
nucleus;2311;2903227;18.433.187;201968.02;12.823.366;2893580;18.371.936;1575;2559;-1;G1
nucleus;2313;3080272;23.194.819;188861.02;14.221.461;2798431;21.072.522;1328;2561;-1;G1
nucleus;2314;3330118;19.451.624;228766;133.625;2910275;1.699.927;1712;2561;-1;G1
nucleus;2316;2132638;1.212.415;5075892;28.856.692;5838950;33.194.712;1759;2563;-1;G2
nucleus;2317;1219731;10.880.741;4115613;36.713.765;4089238;36.478.484;1121;2563;-1;G2
nucleus;2318;1915043;17.346.404;145634;13.191.486;3309160;29.974.275;1104;2564;-1;G1
nucleus;2319;2475346;15.470.913;205462.98;12.841.437;3429920;2143.07.00;1600;2564;-1;G1
nucleus;2320;2140833;15.379.547;178992;12.858.621;3561897;2.558.834;1392;2564;-1;G1
nucleus;2321;3048174;20.267.114;208984.02;13.895.213;3441247;22.880.632;1504;2565;-1;G1
nucleus;2322;2833778;20.594.316;193922;14.093.169;3413732;24.809.099;1376;2565;-1;G1
nucleus;2323;1896256;13.023.737;175195;12.032.623;2991761.8;20.547.815;1456;2566;-1;G1
nucleus;2324;1684156;14.619.409;139640;12.121.528;2351034;20.408.281;1152;2566;-1;G1
nucleus;2325;1566097;12.548.854;170042;1.362.516;3494451;28.000.408;1248;2567;-1;G1
nucleus;2326;2697116;1.478.682;238680.02;13.085.527;3746011;20.537.341;1824;2567;-1;G1
nucleus;2327;2602917;18.486.626;192156;13.647.443;3513717;24.955.376;1408;2567;-1;G1
nucleus;2328;1091579;13.377.194;106751.01;13.082.231;3430059.2;42.035.039;816;2568;-1;G1
nucleus;2329;1132327;15.993.319;91.471.008;12.919.633;3036879;4.289.377;708;2568;-1;G1
nucleus;2330;3433122;13.601.909;320601;127.021;6296833;24.947.832;2524;2568;-1;G1
nucleus;2331;2357673;13.917.787;217517.98;12.840.495;3312922;19.556.801;1694;2569;-1;G1
nucleus;2332;2186598;14.997.242;190849.02;13.089.781;3368344.8;23.102.502;1458;2569;-1;G1
nucleus;2335;2230479;1.977.375;145200;1.287.234;3039943;26.949.849;1128;2573;-1;G1
nucleus;2336;1943041;14.203.516;166224;12.150.877;3106319.8;22.707.017;1368;2573;-1;G1
nucleus;2338;4111219;3.093.468;1024659;771;3294937.8;2.479.261;1329;2575;-1;S
nucleus;2339;3996106;28.401.606;1052192;7.478.266;3512966;24.967.776;1407;2575;-1;S
nucleus;2340;3233174;19.063.525;374717;22.094.162;3369070;1986.48.00;1696;2576;-1;G1
nucleus;2341;2453065;21.056.353;290423;24.929.013;2846582;2.443.418;1165;2576;-1;G1
nucleus;2343;7363252.5;24.078.655;550809;18.012.067;5928483;19.386.798;3058;2578;-1;G1
nucleus;2344;3307268;15.212.825;461807;21.242.273;3095691;14.239.609;2174;2578;-1;G1
nucleus;2345;2834883;25.678.289;320892;29.066.306;2560339;23.191.477;1104;2578;-1;G1
nucleus;2348;2097122.1;12.024.783;262240;15.036.697;3033401;17.393.354;1744;2581;-1;G1
nucleus;2349;1877324;12.616.425;257871;1.733.004;3135374;21.071.062;1488;2581;-1;G1
nucleus;2350;2482535;15.872.986;282799;18.081.778;3561567;22.772.168;1564;2582;-1;G1
nucleus;2351;2969920;1.518.364;360328;18.421.677;3602528;18.417.832;1956;2582;-1;G1
nucleus;2353;1902073;26.491.267;103327;14.390.947;2669147;37.174.749;718;2584;-1;G1
nucleus;2354;2564661;20.005.156;169540;13.224.649;3530016;27.535.227;1282;2584;-1;G1
nucleus;2355;2425610;89.505.902;15709372;57.968.164;7971438;2941.49.00;2710;2585;-1;G2
nucleus;2356;1786193;67.812.946;13508394;51.284.717;7069216;2.683.833;2634;2585;-1;G2
nucleus;2357;2791448;19.520.615;2413983;1688.01.00;4070446;28.464.658;1430;2586;-1;S
nucleus;2358;2847464;1.283.798;2714101;12.236.704;4430103;19.973.413;2218;2586;-1;S
nucleus;2359;1515594;14.573.019;139998;13.461.346;2867782;27.574.827;1040;2588;-1;G1
nucleus;2360;1893417;13.760.298;193088;14.032.558;2860391;20.787.725;1376;2588;-1;G1
nucleus;2362;3525195;26.170.713;1461101;10.847.075;3188634;23.672.117;1347;2590;-1;S
nucleus;2363;5644755;28.494.473;2354369;1.188.475;3700300;1.867.895;1981;2590;-1;S
nucleus;2364;5486219;24.847.007;346991;15.715.172;5972460;27.049.185;2208;2590;-1;G1
nucleus;2365;3091715;2.194.262;528351;37.498.297;2819265;20.008.978;1409;2591;-1;G1
nucleus;2366;2981297.2;20.490.015;543482;37.352.716;2776039;19.079.305;1455;2591;-1;G1
nucleus;2367;1364354;10.151.443;159663;11.879.688;3744111;27.857.969;1344;2592;-1;G1
nucleus;2368;1497619;10.285.845;169351;1.163.125;3860524;26.514.587;1456;2592;-1;G1
nucleus;2370;1482103;15.185.481;125205;12.828.381;3725485;38.170.952;976;2594;-1;G1
nucleus;2371;1594707;13.114.366;155368;12.776.974;3496401;28.753.298;1216;2594;-1;G1
nucleus;2372;1484855;12.680.231;153460;13.105.038;3707442;31.660.479;1171;2595;-1;G1
nucleus;2373;1419886;12.022.743;154329;13.067.654;3506621;29.691.965;1181;2595;-1;G1
nucleus;2374;1476339;15.141.938;118545;12.158.462;3498617;35.883.252;975;2596;-1;G1
nucleus;2375;1724695;13.633.953;152393;12.046.877;3586579;28.352.402;1265;2596;-1;G1
nucleus;2376;3225223;13.712.683;5187065;22.053.848;5582483;23.735.046;2352;2597;-1;S
nucleus;2377;4658858;18.785.718;5762324;23.235.178;5637768;22.732.935;2480;2597;-1;S
nucleus;2378;2817662;20.126.157;492815.97;35.201.141;2951604;21.082.886;1400;2598;-1;G1
nucleus;2379;3288638;25.874.414;540142;42.497.403;3308412;26.029.993;1271;2598;-1;G1
nucleus;2381;3375488;10.188.615;7338104;22.149.424;14648311;44.214.644;3313;2600;-1;S
nucleus;2382;5100162;12.961.022;9085414;23.088.728;13958703;35.473.196;3935;2600;-1;S
nucleus;2384;3406776;19.523.071;1074162;61.556.561;2681323;15.365.748;1745;2602;-1;S
nucleus;2385;4111813.2;20.569.351;1314528;65.759.277;3099019;15.502.847;1999;2602;-1;S
nucleus;2387;2404073;1.473.084;2894252;17.734.387;4931972;30.220.417;1632;2604;-1;S
nucleus;2388;2946901;16.897.368;3331618;19.103.314;5644701;32.366.404;1744;2604;-1;S
nucleus;2389;3483021;14.368.899;356766;14.718.069;3784896;15.614.258;2424;2605;-1;G1
nucleus;2390;2936850;17.734.602;260588.02;15.735.991;3435471.8;20.745.603;1656;2605;-1;G1
nucleus;2392;1491772;82.646.649;230485;12.769.252;3106845;17.212.438;1805;2608;-1;G1
nucleus;2393;1596948;84.449.921;233189;12.331.518;2633604;13.927.043;1891;2608;-1;G1
nucleus;2395;3740824;31.782.703;692770.94;58.859.045;2982795;25.342.354;1177;2613;-1;G1
nucleus;2396;4258396;28.484.255;794589.06;53.149.768;3168873;21.196.475;1495;2613;-1;G1
nucleus;2397;5281596;38.383.691;1839249.1;13.366.636;3813360;27.713.372;1376;2614;-1;S
nucleus;2398;5494903;33.342.859;1917120.1;1.163.301;4164869;25.272.263;1648;2614;-1;S
nucleus;2399;2618939;1.247.708;259312.98;12.354.121;3135362;14.937.408;2099;2615;-1;G1
nucleus;2400;1734504.1;12.781.902;171324;12.625.203;3074590;22.657.258;1357;2615;-1;G1
nucleus;2401;1310658;66.734.113;4476227;22.791.379;5052692;25.726.538;1964;2615;-1;G2
nucleus;2402;1253771;72.388.623;4319954;24.941.997;5274704;30.454.412;1732;2615;-1;G2
nucleus;2403;3671454;26.759.868;1936603;14.115.182;3481251;2.537.355;1372;2616;-1;S
nucleus;2404;3984614;20.205.953;1952784;99.025.555;3407539;17.279.609;1972;2616;-1;S
nucleus;2406;3986735;11.123.702;6824408;19.041.317;9928988;2.770.365;3584;2618;-1;S
nucleus;2407;1201344;14.018.016;608403;70.992.181;1734080;20.234.305;857;2618;-1;G2
nucleus;2411;3237072;16.315.887;438636;2.210.867;3517197;17.727.808;1984;2624;-1;G1
nucleus;2412;3251723;19.541.604;415028;24.941.586;3326380;19.990.265;1664;2624;-1;G1
nucleus;2414;2599455;18.051.771;185970;12.914.583;3830662;26.601.819;1440;2626;-1;G1
nucleus;2415;2528622;16.812.646;192205;12.779.588;3684957.2;24.501.045;1504;2626;-1;G1
nucleus;2416;4984034;35.600.242;1178802;8.420.014;3617250;2583.75;1400;2627;-1;S
nucleus;2417;4976462;3.064.324;1248422;76.873.279;3752284;23.105.198;1624;2627;-1;S
nucleus;2418;1976519;16.082.335;156335;12.720.505;3007306;24.469.536;1229;2629;-1;G1
nucleus;2419;2888444;16.686.562;227820;13.161.179;4328070;25.003.293;1731;2629;-1;G1
nucleus;2421;3763506;23.880.115;1664614;10.562.272;4234200;2.686.675;1576;2631;-1;S
nucleus;2422;3602392.8;20.751.111;1537261;88.551.898;4169708.8;2.401.906;1736;2631;-1;S
nucleus;2426;4158859;21.774.131;3137363;16.425.984;5241981;27.444.927;1910;2640;-1;S
nucleus;2427;3951927;20.476.306;3067303;15.892.761;5783940;29.968.601;1930;2640;-1;S
nucleus;2428;4815711;34.570.789;2401234;17.237.861;4574053;32.835.986;1393;2642;-1;S
nucleus;2429;4763477;3.505.134;2416974;17.784.945;4477700;32.948.491;1359;2642;-1;S
nucleus;2430;3384474.8;2.324.502;207122;14.225.412;3907205.2;2683.52.00;1456;2643;-1;G1
nucleus;2431;2727374;22.429.062;171229;14.081.332;3699968;30.427.368;1216;2643;-1;G1
nucleus;2432;2779049;14.790.043;1226700;65.284.723;4015149.2;21.368.542;1879;2644;-1;S
nucleus;2433;2424017;13.702.753;1114674;6.301.153;3675947;20.779.802;1769;2644;-1;S
nucleus;2435;1327452;77.810.785;3068829;17.988.447;5340824;31.306.121;1706;2648;-1;G2
nucleus;2436;1016359;77.113.733;2987816.8;22.669.324;5772708;43.798.999;1318;2648;-1;G2
nucleus;2437;1180590;1.250.625;118561;12.559.428;3130557;33.162.681;944;2650;-1;G1
nucleus;2438;1191959;12.212.694;124254;12.730.943;3265831;33.461.384;976;2650;-1;G1
nucleus;2439;7330332;38.743.826;2375673;12.556.411;7651599;40.441.855;1892;2651;-1;S
nucleus;2440;7164520;24.369.116;2643491;89.914.661;8576943;29.173.276;2940;2651;-1;S
nucleus;2441;6094569;36.802.954;2373724;14.334.082;7921878.5;47.837.432;1656;2652;-1;S
nucleus;2442;5535110;33.104.724;2129330;12.735.227;7597484.5;45.439.502;1672;2652;-1;S
nucleus;2443;2808134;25.207.666;1171065;10.512.253;3457739.8;31.038.958;1114;2653;-1;S
nucleus;2444;3109193;21.036.489;1318156;89.185.114;3872080;26.198.105;1478;2653;-1;S
nucleus;2448;3148949;15.489.174;4408996;21.687.141;6089495;29.953.247;2033;2659;-1;S
nucleus;2449;2458200;13.633.943;3997336;22.170.471;5985736;33.198.757;1803;2659;-1;S
nucleus;2450;3467100;17.510.605;2275012;1.148.996;4770265;24.092.249;1980;2659;-1;S
nucleus;2451;3159711;18.370.413;2109846;12.266.547;4803490;27.927.268;1720;2659;-1;S
nucleus;2452;2443784;21.361.748;309640;27.066.434;3618982;31.634.458;1144;2660;-1;G1
nucleus;2453;1943012.1;21.880.767;241324;27.176.126;3000705;33.791.724;888;2660;-1;G1
nucleus;2454;6691523.5;21.903.513;465803;15.247.234;4417446;14.459.725;3055;2661;-1;G1
nucleus;2455;4379503;19.404.089;330889;14.660.567;3787961;16.783.168;2257;2661;-1;G1
nucleus;2456;1934213;74.651.215;5006199;19.321.494;6092785;23.515.188;2591;2663;-1;G2
nucleus;2457;1339162;7.211.427;3972643;2139.28.00;5573841;30.015.298;1857;2663;-1;G2
nucleus;2458;2388502;2.388.502;138429;138.429;3427109;34.271.089;1000;2664;-1;G1
nucleus;2459;2339617;2.232.459;144738;13.810.878;3767399;35.948.464;1048;2664;-1;G1
nucleus;2460;3199654;16.241.898;303760;15.419.289;3802361;19.301.324;1970;2665;-1;G1
nucleus;2461;2828977;16.699.982;260484.02;1.537.686;3212843;18.966.016;1694;2665;-1;G1
nucleus;2462;4155628;29.514.404;781160;55.480.115;3630753.8;25.786.604;1408;2666;-1;G1
nucleus;2463;4073331.8;28.604.858;787846;55.326.263;3532280;24.805.337;1424;2666;-1;G1
nucleus;2464;2829617;16.903.328;232688.98;13.900.179;3937282;23.520.203;1674;2669;-1;G1
nucleus;2465;2754169;18.571.605;207151.98;13.968.442;3873667;26.120.479;1483;2669;-1;G1
nucleus;2466;1133276;10.621.144;125721;11.782.661;3886416;36.423.767;1067;2669;-1;G1
nucleus;2467;1050988;11.325.302;114335;12.320.582;3675453;39.606.174;928;2669;-1;G1
nucleus;2469;1178676;64.093.311;4854607;26.398.081;5914467;32.161.321;1839;2672;-1;G2
nucleus;2470;1278703;73.956.219;4602447;26.619.126;5345935;30.919.231;1729;2672;-1;G2
nucleus;2471;2098430;16.191.589;197437;15.234.337;3333885;25.724.421;1296;2672;-1;G1
nucleus;2472;2692618;20.199.685;179537.98;13.468.716;3759030;28.199.775;1333;2673;-1;G1
nucleus;2473;3113151;18.947.968;218258;13.284.114;3651289;22.223.306;1643;2673;-1;G1
nucleus;2474;1843958;16.702.518;151536;13.726.086;3173852;2.874.866;1104;2676;-1;G1
nucleus;2475;2194507;14.287.155;199195;12.968.425;3095650;20.153.971;1536;2676;-1;G1
nucleus;2477;4784997;3.237.481;214008.98;14.479.634;3413901;23.098.113;1478;2679;-1;G1
nucleus;2478;4615953;32.924.058;204971;14.619.901;3167162.8;2.259.032;1402;2679;-1;G1
nucleus;2479;3637603;28.961.807;275564;21.939.809;3191703;25.411.648;1256;2680;-1;G1
nucleus;2480;4388939;24.168.167;359885;19.817.456;3672509;20.223.068;1816;2680;-1;G1
nucleus;2481;2493807;13.208.723;321088;17.006.779;3086516;16.348.073;1888;2681;-1;G1
nucleus;2482;2782676;13.587.285;353596;1.726.543;3298082;16.103.916;2048;2681;-1;G1
nucleus;2484;3558108;22.462.803;209941;13.253.851;3528317;22.274.729;1584;2684;-1;G1
nucleus;2485;2769226;26.627.173;144581;13.902.019;3354842;32.258.096;1040;2684;-1;G1
nucleus;2486;3662130;25.717.205;214756;1.508.118;4232203;29.720.527;1424;2686;-1;G1
nucleus;2487;3359567;23.330.327;207590.02;14.415.973;3555633.8;24.691.902;1440;2686;-1;G1
nucleus;2488;2181952;17.073.176;163457;12.790.063;3939554;3.082.593;1278;2687;-1;G1
nucleus;2489;2111346;15.501.807;169611;12.453.084;3975510;29.188.767;1362;2687;-1;G1
nucleus;2490;4423122;30.007.612;237311.02;16.099.797;3746611.8;25.417.991;1474;2689;-1;G1
nucleus;2491;4512293;29.725.251;245978;16.204.085;3570200;23.519.104;1518;2689;-1;G1
nucleus;2492;1078342;61.831.537;6539933;37.499.617;5254016;30.126.238;1744;2691;-1;G2
nucleus;2493;1239379;6.004.743;4896355;23.722.651;6014182;29.138.479;2064;2691;-1;G2
nucleus;2495;2015080.9;1.089.822;208239;1.126.225;4013332.2;2.170.542;1849;2694;-1;G1
nucleus;2496;2833254;17.129.709;192955;11.665.961;5570656;33.679.902;1654;2694;-1;G1
nucleus;2499;5041717;43.165.386;1619426;13.864.949;3045260.8;26.072.439;1168;2697;-1;S
nucleus;2500;6051653;34.384.392;1980173;11.250.983;3616272;2054.07.00;1760;2697;-1;S
nucleus;2501;2821079;25.905.225;201991;18.548.302;3402971;31.248.586;1089;2698;-1;G1
nucleus;2502;3172237;2.543.895;237799;19.069.687;3807190;30.530.793;1247;2698;-1;G1
nucleus;2503;1658974;67.192.145;6464431;26.182.385;7172578;2.905.054;2469;2700;-1;G2
nucleus;2504;1382878;70.125.659;5809001;2.945.741;6279556;31.843.591;1972;2700;-1;G2
nucleus;2505;439581;71.476.587;1319013;21.447.366;1718752;27.947.187;615;2702;-1;G2
nucleus;2506;887262;16.804.204;102943;1.949.678;2559321;48.471.987;528;2702;-1;G1
nucleus;2508;3746323;19.991.051;1149062;6.131.601;3730152;1.990.476;1874;2705;-1;S
nucleus;2509;3643306;19.651.057;1209709;65.248.596;3634959;19.606.035;1854;2705;-1;S
nucleus;2511;3690244;28.256.079;583392;44.670.139;3504322;2.683.248;1306;2707;-1;G1
nucleus;2512;4006334;29.328.945;630179;46.133.163;3996652.8;29.258.074;1366;2707;-1;G1
nucleus;2513;2306595;15.841.998;188592.98;12.952.815;3221250;2.212.397;1456;2709;-1;G1
nucleus;2514;2789173;10.998.317;305300;12.038.644;4941692;19.486.167;2536;2709;-1;G1
nucleus;2515;810644;13.159.805;76555;1.242.776;1049980;17.045.129;616;2709;-1;G1
nucleus;2516;1432930;93.778.143;179000;1.171.466;2971780;19.448.822;1528;2710;-1;G1
nucleus;2517;2645817;18.035.563;195744;13.343.149;3293901;22.453.313;1467;2710;-1;G1
nucleus;2518;2452918;16.686.517;194248;13.214.149;3365720;22.896.055;1470;2710;-1;G1
nucleus;2519;6690523;24.606.558;418724;15.399.927;6355185;23.373.245;2719;2710;-1;G1
nucleus;2520;3931583.2;22.543.481;778639;44.646.732;3418592;19.602.018;1744;2711;-1;G1
nucleus;2521;3431142;25.529.331;677563;50.413.913;3199984;23.809.404;1344;2711;-1;G1
nucleus;2522;3594227;18.309.867;283687;14.451.706;3925614;19.998.033;1963;2714;-1;G1
nucleus;2523;4333731;19.303.925;330216;14.708.954;4243267;18.900.967;2245;2714;-1;G1
nucleus;2525;4522094;14.701.216;1825034;59.331.403;8323466;27.059.382;3076;2716;-1;S
nucleus;2526;4769736;14.078.324;1913902;56.490.613;8678550;25.615.554;3388;2716;-1;S
nucleus;2527;3904385;15.329.348;330952.03;12.993.797;4262168;16.734.071;2547;2719;-1;G1
nucleus;2528;3154240;17.170.604;246063.98;13.394.882;3931784;21.403.289;1837;2719;-1;G1
nucleus;2530;3608488;18.363.806;251287;12.788.142;4287620;21.819.949;1965;2721;-1;G1
nucleus;2531;3355738;20.934.111;215695;13.455.708;4174750;26.043.357;1603;2721;-1;G1
nucleus;2532;3775739;19.809.753;257729;13.521.983;4450999;23.352.566;1906;2724;-1;G1
nucleus;2533;3473477.8;22.180.574;222258;1.419.272;4061707;25.936.826;1566;2724;-1;G1
nucleus;2534;1468135;59.198.993;6399066;25.802.686;6673942;26.911.057;2480;2725;-1;G2
nucleus;2535;1040224;7.377.475;4808829;34.105.171;5299843;37.587.539;1410;2725;-1;G2
nucleus;2536;1109656;73.829.407;4723806;31.429.182;5485081;36.494.219;1503;2726;-1;G2
nucleus;2537;1092684;63.197.455;5021115;29.040.574;6366409;36.821.335;1729;2726;-1;G2
nucleus;2538;5113138;32.818.601;235117;1.509.095;4024330;25.830.103;1558;2727;-1;G1
nucleus;2539;5582996;31.259.775;263365;1.474.608;4173214;2.336.626;1786;2727;-1;G1
nucleus;2540;4170154.8;21.833.271;877035;45.918.063;4214776;2.206.689;1910;2727;-1;G1
nucleus;2541;5129623;25.699.514;1103569;55.289.026;4080477;20.443.271;1996;2727;-1;S
nucleus;2542;1006412;17.844.185;72612;12.874.467;1715296;30.413.049;564;2727;-1;G1
nucleus;2543;1904011;68.786.523;5667249;20.474.165;7278410.5;26.294.836;2768;2728;-1;G2
nucleus;2544;1369250;73.774.243;4056040.2;21.853.665;6036657;32.525.093;1856;2728;-1;G2
nucleus;2546;6162877;18.440.685;3288812;98.408.496;9154467;2.739.218;3342;2730;-1;S
nucleus;2547;3970864.2;22.638.906;2983448;17.009.396;4590258;26.170.227;1754;2730;-1;S
nucleus;2548;1807105;16.609.421;141233;12.980.974;3695399;33.965.063;1088;2730;-1;G1
nucleus;2549;3597200;22.652.393;255360;16.080.605;4153709.8;26.156.863;1588;2730;-1;G1
nucleus;2550;3398087;26.798.794;207302;16.348.738;3867540;30.501.104;1268;2730;-1;G1
nucleus;2552;3529672;21.991.726;2167448;13.504.349;4731967;29.482.661;1605;2732;-1;S
nucleus;2553;3797124;19.452.479;2362346;12.102.183;5143340;26.349.077;1952;2732;-1;S
nucleus;2554;1509370;11.434.622;173894;13.173.788;3798934.8;2.877.981;1320;2732;-1;G1
nucleus;2555;1421891;10.619.052;170187;12.710.007;3223657.8;24.075.115;1339;2732;-1;G1
nucleus;2556;2960484;26.623.057;154580;13.901.079;3780976;34.001.582;1112;2734;-1;G1
nucleus;2557;3209546;27.668.501;162073;13.971.811;3847309;33.166.458;1160;2734;-1;G1
nucleus;2558;1698850;18.385.823;117827;12.751.839;2974931;32.196.223;924;2736;-1;G1
nucleus;2559;2122355;18.983.497;140989;12.610.823;4102595;3.669.584;1118;2736;-1;G1
nucleus;2560;5149202;17.941.471;369300.03;12.867.596;6971253;24.290.081;2870;2736;-1;G1
nucleus;2561;1947086;18.214.088;147874;13.832.928;3710826;34.713.059;1069;2737;-1;G1
nucleus;2562;2268375;16.260.753;181089.98;12.981.361;3930808;28.177.834;1395;2737;-1;G1
nucleus;2563;2395859;22.433.137;151710;14.205.057;2786739;26.093.062;1068;2738;-1;G1
nucleus;2564;1807683;16.706.866;136117;12.580.129;2934127;27.117.625;1082;2738;-1;G1
nucleus;2565;2059582.9;21.910.457;125984;13.402.553;2933854;31.211.213;940;2738;-1;G1
nucleus;2566;1660159;12.969.993;149254;11.660.469;3243658;25.341.079;1280;2738;-1;G1
nucleus;2567;1581725;13.507.472;137849;11.771.904;2703235;23.084.841;1171;2738;-1;G1
nucleus;2568;2765940;22.092.173;169177;1.351.254;3305045.8;2.639.813;1252;2738;-1;G1
nucleus;2569;1691348;16.795.908;121734;12.088.779;2943541;29.230.793;1007;2738;-1;G1
nucleus;2570;1724490;13.730.016;146946;11.699.522;3101463;24.693.176;1256;2738;-1;G1
nucleus;2571;2808605;18.674.236;203830;13.552.527;3967622.8;26.380.471;1504;2739;-1;G1
nucleus;2572;2537239;15.700.736;201931;1.249.573;3734366;23.108.701;1616;2739;-1;G1
nucleus;2573;4008239;26.650.525;821330.94;54.609.772;3521497;23.414.209;1504;2740;-1;G1
nucleus;2574;2159531;24.994.573;443488.03;51.329.633;2897297;3.353.353;864;2740;-1;G1
nucleus;2575;3531771;17.553.534;2260015;11.232.679;4977501;2.473.907;2012;2744;-1;S
nucleus;2576;3184321;21.342.634;2091914;14.020.872;4771483;31.980.449;1492;2744;-1;S
nucleus;2577;3707290;39.949.246;195861;21.105.711;2999509;32.322.295;928;2746;-1;G1
nucleus;2578;4703646;38.178.945;259125;21.032.874;4104015;33.311.809;1232;2746;-1;G1
nucleus;2579;3129587;16.567.427;266682;14.117.628;3891416;20.600.403;1889;2747;-1;G1
nucleus;2580;2917678;1.658.714;247037.98;14.044.229;3574446;20.320.898;1759;2747;-1;G1
nucleus;2581;1996911.9;11.243.873;249152;14.028.828;3624941;20.410.704;1776;2748;-1;G1
nucleus;2582;1995548;12.348.688;216445;13.393.874;3638091;22.512.939;1616;2748;-1;G1
nucleus;2584;3093198;23.648.303;3189393.8;24.383.745;4166315;31.852.561;1308;2751;-1;S
nucleus;2585;3872568;21.000.911;3991122;21.643.828;5236902;28.399.685;1844;2751;-1;S
nucleus;2586;1379742;94.697.461;6182441;42.432.676;6359250;43.646.191;1457;2752;-1;G2
nucleus;2587;1475717;86.248.804;6420816;37.526.687;5952174;3.478.769;1711;2752;-1;G2
nucleus;2588;2570936;20.518.245;2636826;21.044.102;5026827;40.118.333;1253;2753;-1;S
nucleus;2589;2856314;16.275.293;3045648;1.735.412;5251105;29.920.825;1755;2753;-1;S
nucleus;2590;6125452;51.647.993;228484;19.265.092;3280912;27.663.677;1186;2754;-1;G1
nucleus;2591;6366940;47.443.667;250182;18.642.474;3385556;2.522.769;1342;2754;-1;G1
nucleus;2593;3076757;17.805.306;246221.98;14.248.958;3334573;19.297.297;1728;2756;-1;G1
nucleus;2594;1794272;21.988.628;126477;15.499.632;2918726;35.768.701;816;2756;-1;G1
nucleus;2595;1215450;5.711.701;5853083.5;27.505.093;5896846;27.710.742;2128;2757;-1;G2
nucleus;2596;1148222;49.153.339;5589917;23.929.438;5388560;23.067.466;2336;2757;-1;G2
nucleus;2597;3839140;19.922.886;290634;15.082.201;4796725;2.489.219;1927;2758;-1;G1
nucleus;2598;1463479;21.490.146;104802;15.389.427;2189104;32.145.432;681;2758;-1;G1
nucleus;2600;2286967;14.889.108;212425;13.829.753;3507730;22.836.785;1536;2761;-1;G1
nucleus;2601;2657631;16.445.736;233065;14.422.339;3876969;23.991.145;1616;2761;-1;G1
nucleus;2602;2007216;84.764.191;1862468;7.865.152;6551581;27.667.148;2368;2762;-1;S
nucleus;2603;2172054;10.130.849;1874908;87.449.066;7087947;33.059.453;2144;2762;-1;S
nucleus;2604;10012060;42.262.812;795275;33.570.071;8280859;34.955.083;2369;2763;-1;G1
nucleus;2605;9083132;36.173.364;744811.94;29.661.966;7305143.5;29.092.566;2511;2763;-1;G1
nucleus;2606;2177389;16.396.001;168530;12.690.512;3580895;2.696.457;1328;2764;-1;G1
nucleus;2607;2285425;16.609.193;171675;12.476.381;4082660.8;2967.05.00;1376;2764;-1;G1
nucleus;2610;5812382;3.186.613;280206;1.536.217;5410816;29.664.561;1824;2770;-1;G1
nucleus;2611;7409963;28.945.168;375032;14.649.687;6473370;25.286.602;2560;2770;-1;G1
nucleus;2613;3166177;19.665.696;688553;42.767.267;3885279.8;24.132.173;1610;2774;-1;G1
nucleus;2614;3133131;20.749.211;687871;4.555.437;4280496;28.347.656;1510;2774;-1;G1
nucleus;2615;3448276;1.874.063;248960;13.530.435;3319084;1803.85;1840;2775;-1;G1
nucleus;2616;3292369;21.213.718;213435;13.752.255;3047266;19.634.446;1552;2775;-1;G1
nucleus;2617;1519866.1;13.102.294;136642;11.779.483;2623886;22.619.707;1160;2775;-1;G1
nucleus;2618;2099648;12.094.746;204923;11.804.321;2680376;15.439.954;1736;2775;-1;G1
nucleus;2620;1883052.9;12.654.926;199232;13.389.247;4200693;28.230.464;1488;2778;-1;G1
nucleus;2621;4204983;27.411.885;212651;13.862.517;3889973;25.358.364;1534;2778;-1;G1
nucleus;2622;2977401;25.104.561;160455;13.529.089;3275394;27.617.151;1186;2778;-1;G1
nucleus;2623;4999900;39.369.292;252990;19.920.473;3990065;31.417.834;1270;2779;-1;G1
nucleus;2624;3624159;39.307.581;185636;20.134.056;3083445;33.443.005;922;2779;-1;G1
nucleus;2626;1187364;65.672.791;5449446;30.140.742;8414508;4.654.042;1808;2781;-1;G2
nucleus;2627;1199892;58.588.477;5709115;27.876.538;8381798;40.926.748;2048;2781;-1;G2
nucleus;2628;3755893.2;63.616.077;5255639;89.018.274;15838387;26.826.536;5904;2782;-1;S
nucleus;2629;7382145;29.236.218;440247.03;17.435.526;6355755;25.171.306;2525;2782;-1;G1
nucleus;2630;7350704;31.426.694;408249;17.453.998;7882109;33.698.628;2339;2782;-1;G1
nucleus;2631;1523776;10.822.273;177847;12.631.179;3926712;27.888.579;1408;2783;-1;G1
nucleus;2632;1597965;10.739.012;187856;12.624.731;3979406;2.674.332;1488;2783;-1;G1
nucleus;2633;6332292;40.436.091;385211;24.598.404;5914008;37.765.059;1566;2784;-1;G1
nucleus;2634;9231618;39.485.107;551703;2.359.722;9495184;40.612.422;2338;2784;-1;G1
nucleus;2636;3677736;18.143.739;1830269;90.294.476;4011627;19.790.957;2027;2787;-1;S
nucleus;2637;3176693;17.677.758;1668450;92.846.411;3441883;19.153.495;1797;2787;-1;S
nucleus;2638;1014428;84.535.669;139234;11.602.834;3347525;27.896.042;1200;2788;-1;G1
nucleus;2639;1195303;75.461.047;176790;11.160.985;3005659;1.897.512;1584;2788;-1;G1
nucleus;2642;1591845;2.618.166;100413;16.515.295;2156114;35.462.402;608;2793;-1;G1
nucleus;2643;3428569;24.790.811;236099.02;17.071.512;4439457;32.100.195;1383;2793;-1;G1
nucleus;2645;2343826;18.720.656;1776904;14.192.524;6015110;48.044.009;1252;2796;-1;S
nucleus;2646;2238696;17.767.428;1551627;1231.45.00;5299562;42.060.015;1260;2796;-1;S
nucleus;2647;1565466;83.491.522;1349667;71.982.239;5049166;26.928.884;1875;2797;-1;S
nucleus;2648;1728303;97.479.016;1510932;85.218.951;5623066;3.171.498;1773;2797;-1;S
nucleus;2649;2036681;13.259.642;197867;12.881.966;6693201;43.575.527;1536;2799;-1;G1
nucleus;2650;2374105;14.838.157;216581;13.536.313;6782368;4238.98;1600;2799;-1;G1
nucleus;2651;3783522;28.319.775;2377236;17.793.683;4401450;32.944.985;1336;2800;-1;S
nucleus;2652;3387762.2;22.171.218;2201151;14.405.438;4641063;3.037.345;1528;2800;-1;S
nucleus;2653;4959719;33.153.201;268731;17.963.303;3831222;25.609.773;1496;2801;-1;G1
nucleus;2654;5159756;29.450.662;290250;1.656.678;3971082;22.665.994;1752;2801;-1;G1
nucleus;2656;6688102;40.830.903;287157;17.530.952;3386237;20.672.998;1638;2803;-1;G1
nucleus;2657;7912644;5.339.166;304750;20.563.428;3390240;22.876.113;1482;2803;-1;G1
nucleus;2658;2394301;14.117.341;2560063;15.094.711;4978102;29.352.017;1696;2804;-1;S
nucleus;2659;2605089;12.720.161;2933938;14.325.869;6092232;29.747.227;2048;2804;-1;S
nucleus;2660;3923036;33.587.637;186624;15.978.082;4025766;34.467.175;1168;2805;-1;G1
nucleus;2661;4008540;30.930.093;200882;15.500.154;4074899;31.442.122;1296;2805;-1;G1
nucleus;2665;4758816;29.321.108;1291899;79.599.445;4141647.2;25.518.467;1623;2811;-1;S
nucleus;2666;4144363;18.693.563;1209677;5.456.369;3691378;1.665.033;2217;2811;-1;S
nucleus;2669;4328123;31.615.215;1421274;10.381.841;3600076;26.297.122;1369;2814;-1;S
nucleus;2670;5291655;32.928.779;1633309;10.163.715;3858297.2;24.009.316;1607;2814;-1;S
nucleus;2671;2500632;15.947.908;210331;13.413.966;3659109.8;2.333.616;1568;2815;-1;G1
nucleus;2672;2667123;15.875.732;224693;13.374.583;4100978.8;24.410.588;1680;2815;-1;G1
nucleus;2674;3200460;23.378.086;213415;15.589.116;3331444;24.334.873;1369;2817;-1;G1
nucleus;2675;14730592;28.553.193;2343232;45.420.276;15768531;30.565.093;5159;2817;-1;S
nucleus;2676;4272554;15.259.121;3623366;12.940.593;5845131;20.875.469;2800;2817;-1;S
nucleus;2677;4512368;30.082.454;821707;54.780.469;3640537;24.270.247;1500;2818;-1;G1
nucleus;2678;3575292;32.267.979;635383;57.345.038;3670628;33.128.411;1108;2818;-1;G1
nucleus;2679;4260803;25.182.051;257754.98;15.233.746;4011026;23.705.828;1692;2819;-1;G1
nucleus;2680;3447577;24.696.111;213209;15.272.852;3707314.8;26.556.697;1396;2819;-1;G1
nucleus;2682;4073363.8;26.245.901;2269618;14.623.827;4861400;31.323.455;1552;2821;-1;S
nucleus;2683;4188743;25.172.734;2414580;14.510.697;4933973;29.651.279;1664;2821;-1;S
nucleus;2685;2121669;20.638.804;941186;9.155.506;2518389;24.497.947;1028;2823;-1;S
nucleus;2686;2591614;18.354.207;215338;15.250.566;3074520;21.774.221;1412;2823;-1;G1
nucleus;2687;3499331;21.521.101;1609498;9.898.512;3882460;23.877.368;1626;2823;-1;S
nucleus;2688;1999348.1;20.870.022;140233;146.381;2852442;29.774.968;958;2823;-1;G1
nucleus;2689;2834725;19.948.804;1092294;76.867.981;3690173;25.968.845;1421;2824;-1;S
nucleus;2690;2562219;21.843.298;973796;8.301.756;3407016.8;29.045.327;1173;2824;-1;S
nucleus;2691;3296816;25.070.845;1369765.9;10.416.471;4094229;31.134.822;1315;2824;-1;S
nucleus;2692;3499882;20.697.114;1585217;93.744.354;3905580.8;23.096.279;1691;2824;-1;S
nucleus;2693;1440760;60.031.665;5904216;24.600.901;7343763.5;30.599.014;2400;2825;-1;G2
nucleus;2694;1503134;58.716.174;6046810;23.620.352;7217386;28.192.915;2560;2825;-1;G2
nucleus;2696;1517263;99.362.347;3181828.8;20.837.124;6312946;41.342.148;1527;2830;-1;G2
nucleus;2697;1345764;93.912.354;3145067;21.947.432;6241644;43.556.484;1433;2830;-1;G2
nucleus;2699;4192384;2.516.437;1425015;85.535.114;3792427;22.763.667;1666;2832;-1;S
nucleus;2700;4081681.2;25.040.989;1369760;84.034.357;3408647.2;20.911.946;1630;2832;-1;S
nucleus;2701;3346506;23.175.249;268131;18.568.629;3479873;24.098.843;1444;2833;-1;G1
nucleus;2702;2856494;22.386.316;233893;18.330.173;3271340;25.637.461;1276;2833;-1;G1
nucleus;2704;3704516.8;30.974.221;191896;16.044.817;3879838;32.440.117;1196;2836;-1;G1
nucleus;2705;2664565;22.428.999;319025;26.853.955;3887640;32.724.243;1188;2836;-1;G1
nucleus;2706;3640210.2;26.150.935;211924;15.224.425;3703299;2.660.416;1392;2837;-1;G1
nucleus;2707;3641524;27.094.673;207295;15.423.735;3845266;2.861.061;1344;2837;-1;G1
nucleus;2708;2684008;17.739.644;195893;12.947.324;3891457;25.720.139;1513;2838;-1;G1
nucleus;2709;2131903;22.046.567;133826;13.839.297;2961681;30.627.517;967;2838;-1;G1
nucleus;2710;2837139;19.784.791;196070;13.672.943;3353187;23.383.452;1434;2839;-1;G1
nucleus;2711;2974075;19.489.352;213229;13.973.067;3374723;22.114.829;1526;2839;-1;G1
nucleus;2712;1337983;64.264.313;4380498;21.039.856;7487488;35.962.959;2082;2841;-1;G2
nucleus;2713;1370947;64.973.792;3525847;16.710.176;7921484;37.542.578;2110;2841;-1;G2
nucleus;2715;1182709;90.145.502;155269;11.834.528;3858529.8;29.409.526;1312;2843;-1;G1
nucleus;2716;1145784;84.248.822;164821;12.119.191;3883128;28.552.412;1360;2843;-1;G1
nucleus;2717;1398278;73.131.696;5419290;28.343.567;6058927;31.688.948;1912;2844;-1;G2
nucleus;2718;1444445;68.652.332;5959823;28.326.155;6496733;30.878.008;2104;2844;-1;G2
nucleus;2719;4614801;30.602.129;853712;56.612.201;3258162;2.160.585;1508;2846;-1;G1
nucleus;2720;4097461.2;25.673.315;768795;48.170.114;3100401;19.426.072;1596;2846;-1;G1
nucleus;2721;2390484;17.786.339;184914;13.758.482;2958404.8;22.011.941;1344;2847;-1;G1
nucleus;2722;2731782;16.107.205;223862.02;13.199.411;3177376;18.734.529;1696;2847;-1;G1
nucleus;2723;1567474;10.067.271;181838;11.678.741;3108392;19.963.982;1557;2848;-1;G1
nucleus;2724;1108074;11.800.575;110334;11.750.159;2611995;27.816.772;939;2848;-1;G1
nucleus;2725;1834458;16.379.089;144943;12.941.339;3756946;3.354.416;1120;2849;-1;G1
nucleus;2726;1979069;15.857.925;161673;12.954.567;3754804;3.008.657;1248;2849;-1;G1
nucleus;2727;6362480;26.043.716;5009113;20.503.943;5683305;2.326.363;2443;2850;-1;S
nucleus;2728;8098161;66.324.004;1730299.9;14.171.171;3402215.2;2.786.417;1221;2850;-1;S
nucleus;2729;2218526;1.295.868;3606384;21.065.327;6881450;40.195.386;1712;2851;-1;S
nucleus;2730;2727158;11.068.011;4576940;18.575.243;7693035.5;31.221.736;2464;2851;-1;S
nucleus;2731;5120712;35.759.163;251580;17.568.436;4208405;29.388.303;1432;2852;-1;G1
nucleus;2732;4643015;24.696.887;289977;15.424.309;4463211;23.740.483;1880;2852;-1;G1
nucleus;2733;1908027.1;11.712.874;207663;12.747.882;3513060.2;21.565.747;1629;2854;-1;G1
nucleus;2734;2119614;11.208.959;240511;1.271.872;3503454;18.526.991;1891;2854;-1;G1
nucleus;2735;3213323;17.229.614;1916636;10.276.869;4813057;25.807.275;1865;2856;-1;S
nucleus;2736;2955451;2.213.821;1731325;12.968.727;4542214;34.024.075;1335;2856;-1;S
nucleus;2737;1631539;81.986.884;2666489;13.399.442;4901226;24.629.277;1990;2857;-1;G2
nucleus;2738;1372052;72.903.931;2677498;14.226.876;4723791;25.099.846;1882;2857;-1;G2
nucleus;2740;2685031;18.466.514;303730;20.889.272;3436042;2.363.165;1454;2859;-1;G1
nucleus;2741;2444980;18.164.785;280932;2.087.162;2874814.2;21.358.203;1346;2859;-1;G1
nucleus;2742;1735687;79.472.845;3669798;16.803.104;7709872;35.301.611;2184;2860;-1;G2
nucleus;2743;1428017;83.024.243;3263967;18.976.553;7709735.5;44.824.043;1720;2860;-1;G2
nucleus;2744;1713946;1.022.031;4492405;26.788.342;6959550;4150;1677;2861;-1;G2
nucleus;2745;2268880;99.730.988;5828306.5;25.618.931;8551817;37.590.405;2275;2861;-1;G2
nucleus;2746;3907135;20.574.697;1103635;58.116.638;4313548;22.714.839;1899;2862;-1;S
nucleus;2747;4860407;23.311.304;1419931;68.102.203;4482118;21.496.968;2085;2862;-1;S
nucleus;2748;3196709.8;21.955.425;3255061.8;22.356.194;5709421;39.213.057;1456;2863;-1;S
nucleus;2749;3993823;19.501.089;4020346;19.630.596;6189216;30.220.781;2048;2863;-1;S
nucleus;2750;2399025;22.090.469;2414347;22.231.555;4162767;38.331.189;1086;2864;-1;S
nucleus;2751;2609640;21.147.812;2630822;21.319.465;4363527;35.360.835;1234;2864;-1;S
nucleus;2752;1494405;65.774.866;3560590;15.671.611;6743394.5;29.680.435;2272;2865;-1;G2
nucleus;2753;1492037;65.670.642;3464744;15.249.753;6217333;27.365.022;2272;2865;-1;G2
nucleus;2754;4083240;3.187.541;656843;512.758;2862582.2;22.346.465;1281;2866;-1;G1
nucleus;2755;3865949;32.679.197;612112.94;51.742.432;2538270;21.456.213;1183;2866;-1;G1
nucleus;2756;1972014.1;22.307.852;196683;22.249.208;2344106;26.517.036;884;2867;-1;G1
nucleus;2757;1696999;19.732.546;182078;2.117.186;2011476;23.389.255;860;2867;-1;G1
nucleus;2759;1042150;66.463.647;3495274;22.291.289;6125513;39.065.771;1568;2872;-1;G2
nucleus;2760;2463539;18.776.974;2242515;1.709.234;3521374;26.839.741;1312;2872;-1;S
nucleus;2761;3180941;20.031.115;3106117;1.955.993;5362873;3.377.124;1588;2873;-1;S
nucleus;2762;3318522;18.074.739;3189419;17.371.564;5619983;30.609.929;1836;2873;-1;S
nucleus;2763;5272015;32.847.446;263477;16.416.013;4008679;24.976.194;1605;2874;-1;G1
nucleus;2764;3949515;3.757.864;177518;1.689.039;4072101;38.745.015;1051;2874;-1;G1
nucleus;2766;5347718;38.197.986;249832;17.845.143;4218722;30.133.728;1400;2876;-1;G1
nucleus;2767;3034265;37.552.786;145898;18.056.683;1901997.1;23.539.568;808;2876;-1;G1
nucleus;2768;6288499;25.397.815;357253;14.428.635;6658908;26.893.813;2476;2877;-1;G1
nucleus;2769;4183484;25.571.418;233554;14.275.917;6908902.5;42.230.454;1636;2877;-1;G1
nucleus;2770;4382883;17.962.635;357434;14.648.935;4561905;18.696.332;2440;2878;-1;G1
nucleus;2771;2681074;19.598.494;204338;14.936.989;4117802;30.100.891;1368;2878;-1;G1
nucleus;2773;3936674;22.874.341;1642836;95.458.221;4186570;24.326.379;1721;2880;-1;S
nucleus;2774;3888323.2;23.269.438;1570676;93.996.167;4209427;25.191.064;1671;2880;-1;S
nucleus;2775;3235461;19.632.651;1165112;70.698.541;4319822;26.212.512;1648;2881;-1;S
nucleus;2776;2814733;17.417.903;1072716;66.380.939;4141084.8;25.625.525;1616;2881;-1;S
nucleus;2777;3007348;19.179.515;2937596;18.734.668;5911331;37.699.814;1568;2882;-1;S
nucleus;2778;1812732.9;21.376.567;1925001;22.700.483;3858113;45.496.616;848;2882;-1;S
nucleus;2781;1330742;59.835.522;3108477;13.976.965;7681986;34.541.304;2224;2886;-1;G2
nucleus;2782;830136.06;58.460.284;1887402.9;1.329.157;4672170;32.902.605;1420;2886;-1;G2
nucleus;2783;2013828;10.227.669;3840163;19.503.113;6484158;32.931.223;1969;2887;-1;G2
nucleus;2784;2033489;94.186.615;3380296;15.656.768;6957290;32.224.595;2159;2887;-1;S
nucleus;2785;2043414;19.535.507;1196563;11.439.417;4417168;42.229.141;1046;2888;-1;S
nucleus;2786;2970048;19.826.755;1686329.1;11.257.203;6094471;40.684.053;1498;2888;-1;S
nucleus;2789;2827582.8;21.800.947;198604;15.312.567;3665669;28.262.676;1297;2891;-1;G1
nucleus;2790;3455734;20.387.811;251153.98;14.817.345;4107645;24.233.894;1695;2891;-1;G1
nucleus;2791;6916324;33.771.113;417837;20.402.197;6877000;33.579.102;2048;2892;-1;G1
nucleus;2792;5930206;30.133.162;385187;1.957.251;6230072;3.165.687;1968;2892;-1;G1
nucleus;2794;1589394.9;11.559.236;167859;12.207.927;3022789;21.983.921;1375;2894;-1;G1
nucleus;2795;1586019;12.381.101;159190;1.242.701;2926613;22.846.316;1281;2894;-1;G1
nucleus;2796;1381271;10.867.593;152483;11.997.089;3385494;2.663.646;1271;2895;-1;G1
nucleus;2797;1524504;93.815.631;189661;11.671.446;3848895;23.685.508;1625;2895;-1;G1
nucleus;2800;5841875;40.795.217;1208589;84.398.676;3510941;24.517.744;1432;2901;-1;S
nucleus;2801;8030481;36.769.602;1700948;77.882.233;4568269;20.916.982;2184;2901;-1;S
nucleus;2802;4339981;32.267.517;2998316;22.292.312;4274726;31.782.349;1345;2903;-1;S
nucleus;2803;2664625;34.030.972;1893144;24.178.083;2718029;34.713.015;783;2903;-1;S
nucleus;2804;7834684.5;41.541.274;808968;4.289.332;4102395.8;21.751.833;1886;2904;-1;G1
nucleus;2805;9290498;45.319.502;916720;44.718.048;3810905;1.858.978;2050;2904;-1;G1
nucleus;2806;5862264.5;21.536.606;4747656;17.441.793;5894471.5;21.654.929;2722;2905;-1;S
nucleus;2807;1953717;22.251.902;1552766;17.685.262;2014972;22.949.568;878;2905;-1;S
nucleus;2808;3730333;17.546.251;271467;12.768.909;3665524;17.241.411;2126;2906;-1;G1
nucleus;2809;2394512;17.177.274;176948;12.693.544;2367229;16.981.556;1394;2906;-1;G1
nucleus;2810;1384345;95.209.424;1593558.1;10.959.822;5812066;39.972.944;1454;2907;-1;G2
nucleus;2811;1302703;97.947.595;1616490;1.215.406;5812765;4370.05.00;1330;2907;-1;G2
nucleus;2813;1071263;59.780.304;2061390;11.503.292;6756038;37.701.106;1792;2909;-1;G2
nucleus;2814;1377072;65.202.271;2065304;97.789.014;6616534;31.328.286;2112;2909;-1;G2
nucleus;2815;2314586;14.044.818;2734835;16.594.873;4748991;28.816.692;1648;2910;-1;S
nucleus;2816;2585107;13.243.376;3216823;16.479.626;5150095;26.383.684;1952;2910;-1;S
nucleus;2820;2075939;28.359.822;116807;1.595.724;2286060;31.230.327;732;2914;-1;G1
nucleus;2821;5083605;24.024.597;308692;14.588.469;3955476;18.693.176;2116;2914;-1;G1
nucleus;2822;3549152;20.527.195;279925;16.189.995;4045150;23.395.894;1729;2915;-1;G1
nucleus;2823;2533650;21.417.161;187244;15.827.895;3317857;28.046.128;1183;2915;-1;G1
nucleus;2824;3803254;24.890.405;391934;25.650.131;3060542;20.029.725;1528;2916;-1;G1
nucleus;2825;3236991;2.953.459;312468;28.509.854;3257869;29.725.083;1096;2916;-1;G1
nucleus;2828;2918728;19.828.315;215181;14.618.274;2744443;18.644.314;1472;2919;-1;G1
nucleus;2829;2954877;23.676.899;195003.02;15.625.241;2750022;22.035.432;1248;2919;-1;G1
nucleus;2830;3983066;33.584.031;198179.98;16.709.949;3485903;2939.21.00;1186;2920;-1;G1
nucleus;2831;4269543;31.814.775;228769;1.704.687;3634120;2.707.988;1342;2920;-1;G1
nucleus;2833;3982229;19.981.079;276719;13.884.546;3999245;20.066.458;1993;2923;-1;G1
nucleus;2834;3841092;22.126.106;238044;13.712.212;3772069;21.728.508;1736;2923;-1;G1
nucleus;2835;7760722.5;15.255.991;1923737;3.781.673;12042589;23.673.264;5087;2923;-1;S
nucleus;2836;1154818;10.614.136;131622;1.209.761;3112017;28.603.098;1088;2923;-1;G1
nucleus;2837;4614367;29.503.625;238638.98;15.258.247;4090241.8;26.152.441;1564;2924;-1;G1
nucleus;2838;3720140;33.097.332;182677;16.252.402;3648768;32.462.349;1124;2924;-1;G1
nucleus;2839;2087998;12.646.869;193283;11.707.026;3911264.2;23.690.273;1651;2926;-1;G1
nucleus;2840;1903687.1;1.370.545;164630;11.852.412;3873317;27.885.652;1389;2926;-1;G1
nucleus;2841;2399711;14.447.388;203205;12.233.895;4011689;24.152.251;1661;2927;-1;G1
nucleus;2842;2407608;14.170.736;206436;12.150.442;4033081;23.737.969;1699;2927;-1;G1
nucleus;2844;1773447;98.964.679;3604093;20.112.126;6446149;35.971.814;1792;2930;-1;G2
nucleus;2845;1529220;10.060.658;3613849;23.775.322;6207942;40.841.724;1520;2930;-1;G2
nucleus;2847;3609520;18.557.943;2135528;10.979.579;4840860;2.488.874;1945;2933;-1;S
nucleus;2848;3245518;21.479.272;1889765;12.506.718;4332832;28.675.261;1511;2933;-1;S
